wallet_address,handle_id,currency,tx_count,first_seen
4b5Udd0ULjuARGYm52Rv7MP6B1iCHpOZ9JEEEyvqaiot8EWhswh4mCrQ4aXiIPYkA0wZ0PXB9vlKo6QyExylDxWqvR0qaoX,H00001,XMR,157,2023-02-20
0x7ebba7c95518e1a88fcb602ec5e187a4e2b78870,H00002,ETH,68,2024-06-01
0xe7a985814809dc1ec685f59ee33bee6f2ad3c52f,H00003,ETH,109,2023-04-15
42fpVHUFmesbSOn5eKS1hzBA3XThBktVRQzNUIHUKPUBE47zl7VeGiltDKOOliqFzP47JBCcRDgz1CfOrHQKwDNjvDIxSlm,H00003,XMR,490,2023-04-15
1dbYNmsWeoXCpqvrisE130Wg9ew4uHl2l8,H00004,BTC,34,2023-08-16
0xa2e20e0defd6363c9a766c95ba07b7752135a9ce,H00005,ETH,168,2024-02-18
0x29bef173f0bd4b651286a9bc6cf7dd7d99930c64,H00006,ETH,402,2025-02-28
4WmKiOby0TYbri3LsjNN3iWefN1lrCq9nPWYOvdBMQEI5kdKLVnGEi3hgi7bnGjULNGmLW0M416cgx4aXQ8XRxNw8tFBfBJ,H00006,XMR,386,2025-02-28
4Gc8pctU92ba3uRSr3AHbfZSXmh035rn6pAa6wFqmlgV4gh6wrKvNOVPPNiKfWREMV9gMy14NZQdM3epyseFPAu9SKib610,H00008,XMR,189,2024-12-13
4IOnYzb5Kb44eA0HagWfv50QnVAbNysnMtxO2mPr5MFnida2LAc8hxmvmZOYbwolYXw9BVl7tRJIV2JP9S0Ib3ZtMFcqArJ,H00009,XMR,453,2024-02-17
4IOnYzb5Kb44eA0HagWfv50QnVAbNysnMtxO2mPr5MFnida2LAc8hxmvmZOYbwolYXw9BVl7tRJIV2JP9S0Ib3ZtMFcqArJ,H00009,ETH,50,2024-02-17
0x6591ae9326b63072ccfe0b42ac18684014aaf616,H00010,ETH,245,2023-07-20
1Wfjdx9JYJAKPStHwnSdDqHD8JeZmqbULw,H00012,BTC,354,2024-11-30
4audVeJgpT2TyeF4cac9rG0wtUQgU2X9ViRmQqG7ga3ULsRukuu4pSKyju1xBfrrg7jQ9TWSXUKICde61dNmQihvjLqgFZB,H00013,XMR,57,2025-07-29
4GokqWTcMzVv7Wi7RA0eihy0YATKtHf6S2OdaeekTnoSbhADL0yvxOyPD5ploJUPZmyGtgsptsz5klZGbVFqQMPdumGR3UK,H00015,XMR,399,2025-05-22
4GokqWTcMzVv7Wi7RA0eihy0YATKtHf6S2OdaeekTnoSbhADL0yvxOyPD5ploJUPZmyGtgsptsz5klZGbVFqQMPdumGR3UK,H00015,ETH,4,2025-05-22
0x852d7c4aef520f5e931b2be2baa29bb5d87a443f,H00016,ETH,102,2023-03-25
4XHE7PQkKIdQkb5jNeP7DlyuXgPPpUqjctOv1FHWhpgsx9W3yiUxodnd4ir2eobahhnesBt1tlfspDPEGR3Rb92xvQ6NiVi,H00018,XMR,457,2023-09-07
4XHE7PQkKIdQkb5jNeP7DlyuXgPPpUqjctOv1FHWhpgsx9W3yiUxodnd4ir2eobahhnesBt1tlfspDPEGR3Rb92xvQ6NiVi,H00019,XMR,219,2024-11-06
4zN7PENLV9H7CSlwzQLBPXteenwa2CSBYsNNyCkSCTzmnKAGb8cCh6gN3sFudQ8XwOlicgej41Y1E0ZaUsji9Sx7KUopPT6,H00021,XMR,71,2023-06-23
0x29763d2dcf99df1f33a233bfe4716f3abc05c946,H00022,ETH,207,2024-10-10
0x9a9c6e28efb00be22f898114f885897e6ccd199c,H00023,ETH,403,2023-10-14
0x32d25fe79ee9de9b4e7733adfa936a8baee0e1fe,H00023,ETH,329,2023-10-14
0xba6002f63834f5b535bce481bba5a3ff9bda4c94,H00025,ETH,389,2024-10-08
4nCtjGViYjblidreaAs5KzcDkyvkTd914RgUrGDAdNAC8oCkxcdKpkhVKvyU1NmYldxUaBUwcz5Ky6OhRUXv6IHqrQwinzq,H00026,XMR,298,2024-03-29
4nCtjGViYjblidreaAs5KzcDkyvkTd914RgUrGDAdNAC8oCkxcdKpkhVKvyU1NmYldxUaBUwcz5Ky6OhRUXv6IHqrQwinzq,H00026,XMR,410,2024-03-29
1cIKyFzVctd8YAjp8lg1xhS91DuhMyELYl,H00028,BTC,456,2025-03-15
0xadb72868551f19621ee554e8a6cf95c12fcfe613,H00028,ETH,54,2025-03-15
0xb5467b546efa1890c7588c8d1835d3cba94e76f1,H00030,ETH,68,2024-06-27
0xb5467b546efa1890c7588c8d1835d3cba94e76f1,H00032,ETH,314,2025-02-23
0x9fc214db892186fe15de1a06ad57e58c8ac09b22,H00032,ETH,300,2025-02-23
4uWzUpl3lRzFMeWhe0FGvhlwMTkRDlY9LezMs8iWji42Mj7wpIqeJCvY3E97yfFzxRFkkQq367x1H50H34pBBaFLJnpQsdG,H00033,XMR,103,2025-08-01
1EGnz2Ohw1OKl2yAHzyPHbI8bELxAvpdbd,H00034,BTC,96,2023-11-28
1xaNmSAQ0brE3aNjJcp5oCZfqjRhnZEsC0,H00034,BTC,91,2023-11-28
0x754d8a85fd477c6490f52b3d20018067c5e489a4,H00035,ETH,96,2023-02-14
0x84cf74f5543ab74a13c65e8b32ca2d0c59a376dd,H00036,ETH,417,2023-12-16
0xea4cc9f222640e46328cab1d6da2cedbb2cdec15,H00037,ETH,71,2023-08-26
0xea4cc9f222640e46328cab1d6da2cedbb2cdec15,H00037,BTC,293,2023-08-26
42spCQaVrm4RqjsMg2AjBmhFDEWrT5rjljg2lRti9PgZTYL1EmGfQU3ZRKb6oqCngDugcQlL7xIpUJuaGVnpkEgbtunV9uf,H00038,XMR,495,2024-07-04
0xea4cc9f222640e46328cab1d6da2cedbb2cdec15,H00038,BTC,375,2024-07-04
0x972e22c76b8e2b8675a93fd441c48a159be3d32d,H00039,ETH,381,2025-02-25
4MMmg6tupUAvgmn6H9BhYoADSs2yfBgB0aurpoCRbEWQYS1pyEfiFSqEaAMW62x9pZelgDYH0XMt2aQRyNXCiMBCj2drfJB,H00040,XMR,87,2025-07-31
1gPy4CJ74OCuVS7JySqF9qa4X4hM0jOxwp,H00041,BTC,450,2023-01-02
4Zaqz1gBhsToI2U57rdoM3Di2yEvswCA0LOdLsfqiw7QWdNwzmARUdnGvPukGWHlmh8njNNBFGn503tm7wISRQxNLg3MD4X,H00043,XMR,239,2023-04-29
4Zaqz1gBhsToI2U57rdoM3Di2yEvswCA0LOdLsfqiw7QWdNwzmARUdnGvPukGWHlmh8njNNBFGn503tm7wISRQxNLg3MD4X,H00043,XMR,263,2023-04-29
0x44a87fd6dc5f32e3db6aab68b1da48d71e4aa83e,H00044,ETH,298,2024-03-12
1XNt6oft5KThqk6ewqtU33cLzD1yjt6jJ9,H00044,BTC,488,2024-03-12
4ctb8XxkVQSFOSD7Ybmxq6DBy70Z0od9CY9Q4CKZMFueQPaLbzTPwX096gN2sbFk0Z9or8ZAgxUcrhTVeFdGjKjidLj0ufW,H00045,XMR,359,2024-06-29
1alLSwceYVftCq5R12ClNKdTwxuipEGmSN,H00046,BTC,15,2024-08-06
1alLSwceYVftCq5R12ClNKdTwxuipEGmSN,H00047,XMR,161,2023-03-28
0x994c76679da216961492613d1c8816b793ff6697,H00048,ETH,479,2023-02-06
0x994c76679da216961492613d1c8816b793ff6697,H00049,ETH,57,2024-08-14
0x4352c0d6572ce3201477cf04bea7bd98226b9e5c,H00049,ETH,128,2024-08-14
0x5905784172fb28a0106bf4c7a720cf7765eca691,H00050,ETH,440,2023-01-13
4KyzHNKTkp9JxJwUvVlbeaR7hOS85S7ZRxRttXtJ2tFMjaCrdxgZU0SJ2DamRikgUPCDvNNdiwXqV5OM8HpKeb9nlaSrgUd,H00051,XMR,118,2024-09-16
1GWedj6W4MDlMv01Cuw4hjBnDdPdFWMBX7,H00052,BTC,478,2025-05-11
1GWedj6W4MDlMv01Cuw4hjBnDdPdFWMBX7,H00053,BTC,408,2025-07-17
4gDyBB1INNlh5kFsAkg2nntxK4TwJlON8x9z7wzkeL9kM7Uu2McL5UKt3teWtFx6nWCB2mWCWJ6T0lw9A7sXGwIB6tFBALw,H00054,XMR,461,2023-03-24
0xff0a3db1ced8a23b0a4ade095d8cfb119cd0c75b,H00055,ETH,17,2024-09-23
1AjWDva2ZOOkbONklvlhlXX0oJalL0RUsq,H00056,BTC,359,2024-12-09
441i5Fypu9Ug43sGDqL2EOfuQgiRM8vrxWZJMpUIuo5O3ovG3QsKMO1MRN1WeBLwo8w7WPPMTvjiJTEPRufiaKSceJfFQtW,H00056,XMR,295,2024-12-09
1hfs5MBpnB2bKINTg73duQasRWuMWyO2gN,H00057,BTC,336,2023-05-16
0x10bfb689b8520950925da81ee5aa1b93a316ebee,H00058,ETH,2,2023-04-27
41YLyQ5b2Rzf6QBLrhnWx0gk0IqY3Jny2MuXYxL1xIkFDVdSALN2i4iAM1Qh0xyKRQ5qMbB4b2HPlFBhbakTow0eQib7NW3,H00059,XMR,133,2023-10-26
4TXyLhv8XEnTqMq4mJw7OQBmnEwK3GSUrLSfpUIVE4THF3ahJHfOYQS2TRfhUooYENu4Q7knmgrpkrfO5CaQD4WWgjFGFXM,H00059,XMR,214,2023-10-26
0xf1265514519997a3f3d8bf3194a00595483f1373,H00060,ETH,123,2024-07-06
0x868171af5a2f777b37d5512a4fdb9c522ce01d51,H00061,ETH,264,2025-08-24
0xcd9a6c4437a133788ca04298b88e4b9e419f8943,H00066,ETH,230,2024-11-19
4KqLa8q0yug3stqtASZxFtHeZsVukuiT4GWGIQZztyu3b4JNo5bqpfE7Jsjep8MgoXBSMN8FvqHoNnFFE5iVXCVhxq1jkqh,H00066,XMR,85,2024-11-19
1Tn2HRnrWglsEilo32D6jcCt6eMEwn0Ed8,H00067,BTC,346,2023-06-06
1pkpM67MJQOJ5F8Dno9xkgaHv6Hm9ODxwR,H00067,BTC,476,2023-06-06
1A8ok8fHMrZXXx4gUdJHwWGKTSLHTQfHh6,H00068,BTC,52,2023-03-04
0x53f7940d866aa69669e3e4081659486102e73c67,H00069,ETH,69,2024-05-23
4aQHPYQFW9ktqEGp1KVb7Fh5if65kxFNZI8LB7Medjt2hKG10QlEWkrsPNxlcCyKLO0ewj05Inff7XKDFGKwgBzw26d7g4I,H00069,XMR,25,2024-05-23
1WjDCydhQ3iogyiv1Exfbcbny3AWIwE3tp,H00071,BTC,300,2023-11-02
4PpJr2ZCO0YfVSIrZ6xGe3yo3d7lglLZeIkmAm2Eiv0hfiMQH7cV3n9WUfdjyjoCbxcyYDRsJU7lRwk3jKkus24Zzv90WTR,H00072,XMR,143,2024-12-08
4PpJr2ZCO0YfVSIrZ6xGe3yo3d7lglLZeIkmAm2Eiv0hfiMQH7cV3n9WUfdjyjoCbxcyYDRsJU7lRwk3jKkus24Zzv90WTR,H00072,XMR,222,2024-12-08
4xw5M81dnyvowV724sk17nCkqBBC3yV2ikA6SEyeFtPCLarZwWv8kWjsUWkScxMYBqjxsMCIdyroEfN189P7zcSPms2WZGN,H00073,XMR,249,2023-11-18
1egBchwy2vp44KMxl7fgXVOU8RurZlqafw,H00074,BTC,12,2023-07-15
0x6e1d07abb7d8a8ebef84b95196c5fac8fa1edf5a,H00074,ETH,120,2023-07-15
4HaI2z9CHRX74Mqxgg295M5oR52kZsAEePTPKNLjDvknC5gb4aUjUYN9Yx3NPymueZXJ2FwCdxn0lcKTpyeoRObestZArY9,H00076,XMR,56,2025-07-05
4HaI2z9CHRX74Mqxgg295M5oR52kZsAEePTPKNLjDvknC5gb4aUjUYN9Yx3NPymueZXJ2FwCdxn0lcKTpyeoRObestZArY9,H00077,XMR,37,2024-04-08
1BFuH8ayKXUojTUXXUH5Lrce9fDe1m4cWp,H00078,BTC,487,2023-04-06
1NDgHqA1DLdJDEZSoEnOgAZKYjCwNkFtA7,H00079,BTC,25,2023-12-16
1NDgHqA1DLdJDEZSoEnOgAZKYjCwNkFtA7,H00079,BTC,327,2023-12-16
0xef910e1264bcc20c30a7e10f103044435c61a313,H00080,ETH,473,2025-01-26
1W65I6eUyKmYrULhaYy6DBNH5E1ec1hsNt,H00081,BTC,41,2025-07-19
18XBo1lJjVjxhKyqXi66L7vGOyhBCjge53,H00081,BTC,249,2025-07-19
4q2tY0MyuuckTr7Vk5Tf2HQ9Yj6u1ZqOHdvSD8wN1va4ksj9qPXiAnp9xlohQDOusGCF8h2R9mjajbzfSnNZOiapgXHACB1,H00083,XMR,375,2025-04-01
4q2tY0MyuuckTr7Vk5Tf2HQ9Yj6u1ZqOHdvSD8wN1va4ksj9qPXiAnp9xlohQDOusGCF8h2R9mjajbzfSnNZOiapgXHACB1,H00083,XMR,92,2025-04-01
4JaF6mNdc615tNBocSL6yAz3CW1BlKycOk8YTM2B8Pt2NMe6OcqYTFhAt0Mu3q1uOG2qUt6AwDDT8hpS05OChwmqkDGVLnO,H00084,XMR,432,2023-11-16
4Xnj7YXlZDXyB9uqWUIOsiF3tXMXZsBStvOrPdm5UbUbjPg2toyAuW259Ksw56mJJlniptY9vUpnwyAGZkiXWHM9UWA0xXE,H00085,XMR,344,2024-01-14
0x4070367ec22bef039232b3c462b78523beca12c6,H00086,ETH,460,2025-04-18
0x4070367ec22bef039232b3c462b78523beca12c6,H00087,ETH,455,2025-03-16
0x43b21210897014ef740cac94ed605c65ced73297,H00088,ETH,41,2023-09-03
0x43b21210897014ef740cac94ed605c65ced73297,H00089,XMR,41,2025-05-12
0x43b21210897014ef740cac94ed605c65ced73297,H00089,XMR,222,2025-05-12
0x43b21210897014ef740cac94ed605c65ced73297,H00090,XMR,16,2024-01-02
4ZqUy4hs8mGUm15UG3VeAFtTUiSIUM1u6t3dwIsQEqpJYLsF4viYG8LEZ0kPtv0MD6KJ8LIll7ZsvwSsbUP8rjhbahtOLNz,H00090,XMR,61,2024-01-02
4CHuZrxnKV1PcUwCTNIyy7iVBMl2YnpKvZp77U1acVQO5iPwVw8mMv3Ql3OxzSnD10FQVngl0wktxHU1FZchogV0heCwhFp,H00092,XMR,342,2025-03-05
4CHuZrxnKV1PcUwCTNIyy7iVBMl2YnpKvZp77U1acVQO5iPwVw8mMv3Ql3OxzSnD10FQVngl0wktxHU1FZchogV0heCwhFp,H00092,BTC,211,2025-03-05
0x53a2ad997ff2e27a6b21b85ad5f6d8663d2404df,H00094,ETH,286,2024-05-22
0xffa3a7ce41eb1cc34aca892d976322aca905c431,H00095,ETH,202,2023-12-13
0x07d757b3a542dbc261e7e299a89600e9aeff939d,H00096,ETH,421,2024-10-15
0xb363c765b77d61aebecc1e15a0ecdd1cb0b4d21d,H00096,ETH,263,2024-10-15
4w32VniyWqFr3gPTqelRraRW1qmKBHsG2nuLYXydaa4eJQRja5GFgyOnH4JhLnTRLOPjEfKgGLKZoJ12g9NIE4MigAvag2H,H00097,XMR,490,2024-06-09
4AVagGc9HBTCR1uViiAitMYfviRHNokGg6Y1z3BvYVfF8Fmenf2NXZD5sKphpuiTYVFR8BZlYZwvNp8FBQxef3H4iuBW4BO,H00099,XMR,397,2023-03-13
4AVagGc9HBTCR1uViiAitMYfviRHNokGg6Y1z3BvYVfF8Fmenf2NXZD5sKphpuiTYVFR8BZlYZwvNp8FBQxef3H4iuBW4BO,H00099,XMR,306,2023-03-13
1XvqISmAlIf3V8mshoYvbmmszaTEtLA2O9,H00101,BTC,259,2023-03-26
4tPVsBSutTqIjhG242FnNJQlgWi5v5uGI8F9Er0c5XwdnXeventWQyxdITQAuSANK6BSVoIFYrsE4FfotfkvVpPZH1S75XO,H00102,XMR,128,2023-08-14
4tPVsBSutTqIjhG242FnNJQlgWi5v5uGI8F9Er0c5XwdnXeventWQyxdITQAuSANK6BSVoIFYrsE4FfotfkvVpPZH1S75XO,H00103,BTC,398,2023-12-07
1UN8CA1yxAWk8TXc4A0FOd3p5MonyC2RFD,H00104,BTC,132,2023-02-25
1c3V5RJqmLE5hVXWhHlTd5anQ66rcNVpvV,H00105,BTC,387,2025-02-17
4VRh64FmRU6i096dnfQaBzzs5BSxg18G7rEGYGFT5PNDHJGtw2GOTUFNU4wDSLEfgs3MfD69M1sAeP3Nd7yLT68lZoOTKZw,H00106,XMR,50,2024-12-27
0x64fccd940075ca171a4833851edb376a59bfd17d,H00108,ETH,442,2023-08-05
0x64fccd940075ca171a4833851edb376a59bfd17d,H00108,ETH,277,2023-08-05
0x5f19a6dec24edfc436a9ac2873b669b72511a191,H00109,ETH,498,2025-03-24
1rgRCcnzTql4pZFUpnent0Ojtes4OChZGK,H00110,BTC,461,2023-09-23
4zk2eWEY4EM27Q0UU8sUj98PNlgc0gFiF5rIXifTv5f5EXvbU7FRKApfojrRdQ3U7rLy0fN5ASPOufNzzkEfrwEdBu7SI5S,H00110,XMR,222,2023-09-23
1rgRCcnzTql4pZFUpnent0Ojtes4OChZGK,H00111,XMR,227,2023-03-02
4zk2eWEY4EM27Q0UU8sUj98PNlgc0gFiF5rIXifTv5f5EXvbU7FRKApfojrRdQ3U7rLy0fN5ASPOufNzzkEfrwEdBu7SI5S,H00111,ETH,237,2023-03-02
4hleKLK9m2SP3MYfFyUVEaQ3WFOaaikPCK3BXkVrtvlCG2s8maSaoMIFGOWcAY9sB58v1KtVMfQW2IAIPU01tMPGFSrMTmS,H00113,XMR,92,2023-03-07
4hleKLK9m2SP3MYfFyUVEaQ3WFOaaikPCK3BXkVrtvlCG2s8maSaoMIFGOWcAY9sB58v1KtVMfQW2IAIPU01tMPGFSrMTmS,H00113,BTC,86,2023-03-07
4GEbPRnExxVYFIxY2suETS5y4unaLjqV9Asnb6GhoijlwDxbqeikAztWpSZxUWaKr15ux9VPPCogsXKjQ9BBljZQqFCBamJ,H00114,XMR,78,2023-11-03
0x1f21148ad83e7cf776766ed6c4b3e6d3cb547a1f,H00115,ETH,414,2023-01-11
0x7ff7b430c8c06695b1ce44dd521eceeede7f221b,H00115,ETH,334,2023-01-11
4G8YK5KoncxnSFrcQBkqiyhdTppjrJSEFmywgHIrXMhNI0AWzfnjLtbzp8xElqDz2nMJwEWjZzQSHucaDiJ7RTt1oGPTSwH,H00116,XMR,397,2025-08-28
1bLNZL6GBB5R7SKkYSrPZ4uSb7ue3rNbtG,H00117,BTC,387,2023-11-03
4wUMFxro1s8Yupy1sNKzgTdFFU6KMOCDjjkjSBt36yURfWu7pp8cajFaiDXxVd22E1AZ3NEW5SBSKp2ISc5ugqwp3JyPMRa,H00117,XMR,60,2023-11-03
0x241fa010c2bbb75488abda5654399826b2ec6617,H00118,ETH,283,2024-07-03
0x241fa010c2bbb75488abda5654399826b2ec6617,H00118,BTC,168,2024-07-03
1EawVQRWBMxTea1B00nA5hPYeZiH2FscTZ,H00119,BTC,258,2023-10-24
1mbRyKYMo1HjeruiIC4ZHLMWL4KziGK98p,H00120,BTC,4,2023-10-03
1dxjeGwduy3dJ7mVgKgjPAdqSUIwVHKAuq,H00121,BTC,314,2023-03-18
1mbRyKYMo1HjeruiIC4ZHLMWL4KziGK98p,H00121,ETH,140,2023-03-18
0x7db9e25f1b8e9f1acc4701bc098c3b0347a1dcbc,H00122,ETH,222,2023-09-23
11xbwNb1G2xPxSDBvFI5Kn0ZEKS9pLg7Mt,H00122,BTC,250,2023-09-23
4j4K1LcTmu3jfSYXXKU77yZ2bLhbiDB6YrFe6WX3tlqRPokfge0OLdiBPAWRipFCmO7JgYo82YpaN5IpgqxkpFI6XYantyn,H00123,XMR,410,2024-10-06
1GCqOjZxAuz956JzAWIcVQ9v6JccdTx6JK,H00124,BTC,337,2025-08-19
0x3afb12a87ae31fe8393b398dd2a83e210dbd4ccd,H00125,ETH,275,2024-01-01
42YuQvpX3ORzoF7ZFBBxMN4wNMckQors7XZio5ZJg1BllyBrG2tNPgHPzgty4kJHoznTvI8dQxWnmfQxfOmeRmwBh0g8C5a,H00126,XMR,84,2024-09-08
4EmttD1KYmCkVloXN4ZVhEWyeNS3AJk4kwHIvQ8H870rQmhnOTWuSRRFtaHCtCrb3CmNEjKOAgVFwAvCFLKZ2dyhG5pVsqj,H00127,XMR,169,2025-05-07
0xa8aa2493b4d79802d2e1c8399a67fb503bc38d3c,H00129,ETH,351,2025-02-08
0xa8aa2493b4d79802d2e1c8399a67fb503bc38d3c,H00130,BTC,117,2023-11-18
15HraUNfmreOFGeaNaFhKxEPgQ9t5wgtLw,H00130,BTC,51,2023-11-18
0xa6f6c1e5cd21872c94e5601e09c88a0700c08b31,H00131,ETH,262,2024-02-02
1ndblFO0ypTiZDlknYFo1BN2udq1nj6Py4,H00133,BTC,23,2024-12-14
1ndblFO0ypTiZDlknYFo1BN2udq1nj6Py4,H00134,BTC,183,2024-05-30
1kAW0Q6xqLnd9Y0Ww3n99KD4mXt1xgmRQw,H00135,BTC,415,2024-06-13
1kAW0Q6xqLnd9Y0Ww3n99KD4mXt1xgmRQw,H00136,XMR,31,2025-07-05
1NJNTDkDq4aSufqPSph62ysfYeMN2fSmBx,H00137,BTC,215,2023-03-27
1PWkSx7s40lBccAiIWPKQlkmHqnx2DM6Nm,H00138,BTC,276,2025-04-08
47Ktx45JKkjuePEr3FulMrNCDwzxugkG2XZGR4NQvBmImBFABwXDdnfVafkiOepoPW7S9HFwYnPXRYqletsVGn0YvsRXWvW,H00139,XMR,402,2023-08-31
0x7d64b4b9616a7a52b2f69cd0d48f3bfad3012160,H00140,ETH,84,2023-01-06
1nLv9xglg30AMGoimjJw6qgqi7kA0oOiAV,H00141,BTC,383,2025-04-18
4m6EgvPcruh1NzFI3CFJGZcX19fRhOwWMgnlBItlm6lTRzmvwYrANRcnmTy0VKTmfc442vCfKDplmTJgwsvviD98JUEBOXk,H00143,XMR,323,2025-07-18
14nvBsbRLoaNNWNIBGMfMUxaESJBF8KzKK,H00144,BTC,311,2023-01-14
0x339e8c357201492ba3fac6e6a665f14cdddb8622,H00145,ETH,198,2024-06-19
1dTQSzw32WftSNq1DnYN7zUxRYsVmfbvwC,H00146,BTC,254,2024-07-31
1QXjDvKAcJ6OILWvJyNCMmv3Htnq5kmgqK,H00149,BTC,142,2023-08-04
1kwT397JBcBiPWaWN5GgJcRrdPK33UUU1N,H00150,BTC,300,2025-05-17
1kwT397JBcBiPWaWN5GgJcRrdPK33UUU1N,H00150,BTC,382,2025-05-17
0xb0278f85c7d8255d9e4a8759a6c094802e984b7c,H00153,ETH,271,2025-04-12
0xb0278f85c7d8255d9e4a8759a6c094802e984b7c,H00153,ETH,232,2025-04-12
4lbKgJPJgkjtYXyyh7q4kXXIcMZFakaMW1DLTaMBRpw36g11RuNeeEvPnphCdiQ2w5npFMEaIydt5PpDWE6wJDlXxmDfFic,H00154,XMR,351,2023-02-06
0xb0278f85c7d8255d9e4a8759a6c094802e984b7c,H00154,BTC,117,2023-02-06
1v8yK6ZArCWq65em75pe7gwfMAGoNsIWYS,H00156,BTC,155,2025-06-08
4mfxt4nbL41NbnP9P8tSKhpew0yOvm20TyBFfnztA46TmvfV7tuklGWOini4uRn1tGQuUl0TMCWNKnTqM2AwCDuJpPowlhQ,H00157,XMR,312,2023-02-01
0xc90d92462a81498e60ea03c64f0683830b4cc6d9,H00158,ETH,86,2023-08-24
1Uel63z88qRu8smyFAGP8XEN9BEQtyEO27,H00159,BTC,96,2024-04-04
0xd6027674f43e05df3c2993b39ebd3d169a4c0d55,H00160,ETH,497,2023-10-23
0xac2920cc2b565ae1a1d06179f22514f6047ba344,H00161,ETH,488,2023-04-13
1cYnpxVJjooKINRwegSh9pOWNLFWVE6YpI,H00163,BTC,422,2025-06-15
0x5eece57c0954cda3988cae860c40c2993e415226,H00164,ETH,6,2025-06-01
0x87639232ed760a0e8a19975e3504883d2c6d581a,H00165,ETH,443,2024-10-20
1PPBoipGgmFa5VuETQsecpEA7klA2UvMrh,H00165,BTC,368,2024-10-20
474YInHwfZBouFHeZhAsYXrTBA0GrZEg0mkR6NdY5gXd4l1MPg8vHX272R3vRh1gJxHf6h08dgsycimXVxp4vOYLzGkGLag,H00166,XMR,402,2023-02-09
1Ih2iSpvBoZfzF0yzdjCgzJLlDH5OJJr3D,H00167,BTC,263,2023-06-10
49fIe2Nm29IotFQ5CVcwfaP0WVTqEoaOJblHk8gnhTfSt1GltO42f1VtVobrWstyKDIOLsjYuKAotL71WbWb7fLCAHUUMop,H00168,XMR,142,2024-05-27
49fIe2Nm29IotFQ5CVcwfaP0WVTqEoaOJblHk8gnhTfSt1GltO42f1VtVobrWstyKDIOLsjYuKAotL71WbWb7fLCAHUUMop,H00168,XMR,54,2024-05-27
1mOcnbCXy2yeEayS7gyRUzJUr2AtYSIR6i,H00169,BTC,408,2025-08-01
17MHFiHtXH614eGgIyKzMioXrq5qduxCj2,H00170,BTC,474,2025-01-16
17MHFiHtXH614eGgIyKzMioXrq5qduxCj2,H00171,XMR,400,2023-08-20
1P9zjbTLeAa8Q9rLR6s8hEVSk3me5NbeCd,H00172,BTC,358,2024-03-07
4H6yp0CigSIYxYJKn1wG8qUU7WPdZZtEcX37xSDf05Zk1Auy9wy26SrgRBuzyADgvDXY8hf0hic7FbgHSQbSvOHXKmWxKBF,H00173,XMR,324,2023-06-19
0xd5ba4bed2b076b81d2d6086845fb643027760080,H00173,ETH,25,2023-06-19
4wJt1V65QKQ1bg5tc4vBvVaj1wCJFcRV0ZMcNuNdjR6DVMKarzmzM2eXMWK6hHWmXHA4rHWImyiAL68AfASmy9CQ9E4eD6T,H00174,XMR,235,2024-05-28
0xd95c3b8e28348a5ef1b1faa1ad5892ceb03736e1,H00175,ETH,225,2023-09-22
0xd95c3b8e28348a5ef1b1faa1ad5892ceb03736e1,H00176,ETH,12,2024-09-02
0xd95c3b8e28348a5ef1b1faa1ad5892ceb03736e1,H00176,BTC,109,2024-09-02
0x52909c59fd6be56d5f771079a99c97521a9cd3fe,H00177,ETH,411,2023-10-11
1dY5EK7aKNeS3UKNP7OPY10G2Z075rzCAe,H00178,BTC,239,2024-10-08
1xhfWcnT1wzUkuESziedUOMcjHbwDW63LS,H00178,BTC,176,2024-10-08
1WqtrewB211XyRpc86xUC5kFxBjZ453lbk,H00179,BTC,59,2025-05-29
0x560a6e037fc0e50648647efbdff8cca6583994d1,H00180,ETH,455,2024-04-17
4O7sBYwHvRVCJxz0txfXSLlriCKpqyIRi2PNQJ8xfzwjlQHF4nugfJDEHzpqOersJ5EQFCtC8AXmLCQUe9bmeHIC2X90lFF,H00181,XMR,448,2023-08-04
49d3AQIGYHQyCQTYsU6l8avRSbQ01uEI9szlj0eznqXAvfIUz2uXhwofies5eR2oTHiONGP1ENdIV1UBQGBuYg6OqB1AZdY,H00182,XMR,404,2024-05-03
4KpNADcg50SvxS3klyteViqy95xvjSQ7VMxTFJC9Y97m6uhyIpia80lkZ4DThfnPfGddjfVrMHdcUWIqCRu02vxCRFpsRPn,H00185,XMR,77,2023-11-30
4KpNADcg50SvxS3klyteViqy95xvjSQ7VMxTFJC9Y97m6uhyIpia80lkZ4DThfnPfGddjfVrMHdcUWIqCRu02vxCRFpsRPn,H00185,ETH,97,2023-11-30
1JY0OpAyLZUqNHpwLGPaHryMH0WFniKYD5,H00187,BTC,162,2023-07-23
4BjEg5PmDdOjq6tz2NHrwKINUbMdyz70bKtDHmd0Aj72BszUvG5I7KLJFlrrWty69pfjUHRrYiR7cL8lDtLpRK0cLHfRfji,H00188,XMR,20,2023-01-20
1vPgiPRGwfnyGrcus1gTyQvkoFaaXI35CF,H00189,BTC,244,2023-07-23
0x11655d0f79e975de89d87216467b87edf71ba52d,H00190,ETH,454,2024-06-15
4M9NAIjirnf6iRQ4fjw8x8GGNHmVNkSnbEIhrhi7XXvDbQAC5dDF1NTRUUP0Pl11tq5T0vtV08EuPM9Cego1hxZWSAZH1Fn,H00191,XMR,60,2024-04-20
4M9NAIjirnf6iRQ4fjw8x8GGNHmVNkSnbEIhrhi7XXvDbQAC5dDF1NTRUUP0Pl11tq5T0vtV08EuPM9Cego1hxZWSAZH1Fn,H00191,ETH,81,2024-04-20
4uMUZB4oK8r9BHsxGnTgZaZKam2wJRwGTEiymRlSZEwc1lFOeMjytlhValpJXC0k72H91JbFpBA7V5XTOtK9FcyPN0uLTNa,H00192,XMR,373,2025-05-05
0x3c877bd46a05223f01014541b74517bc109dc2e3,H00193,ETH,428,2024-02-12
1sE3IlqZD0w5KNUgXh5FmKcYzAudVzGHOU,H00193,BTC,258,2024-02-12
0x15e63d07b149a0c64e1b482d8ad9cdcec8d38590,H00194,ETH,9,2025-02-21
11ShnW89CqmCGrFUgbWEpGZlm9lju2U8QR,H00196,BTC,278,2023-08-10
11ShnW89CqmCGrFUgbWEpGZlm9lju2U8QR,H00196,ETH,219,2023-08-10
1j3nUprvchvrhEFzxDIA0BfcSPdcb4wMf2,H00197,BTC,63,2025-04-05
0x58f76692914cc72abb10fbfaea363746f1888ca0,H00197,ETH,54,2025-04-05
0x27b939575c8ae12fe77f121db6c1b9f25f7214c5,H00198,ETH,332,2025-05-28
4uA2X7UMMTNVaBSbthGBN0yaNxyz31gf0V3JlJKi3fTbEuGBtoxJZpbLFuomSymh9qL38iGOLALgHRzhQEuPzIBnq5uQrZL,H00199,XMR,492,2023-03-08
4QRklbAZ0XK5WKQjvXvHXpdamZ1wIdQSTJXDxzO9pqVsNgU23cGHw1osJ6Ip6f5M1W5lCUk7C28Z6CGYnsdFL1ROZmi89Gf,H00200,XMR,481,2024-12-25
4QEf5FCQghaoscld96F3oBeFtuDWqgEONeGrOHabYdbWa40fopd11ROkUhr0JLbq6affU05p1YXPKkgwQOJ3U4eLjDXF8jr,H00201,XMR,148,2025-08-15
4TA8suyeHU6V46tBJK4gx5SOIV1mn6z8vNWCtF4c7O9LgsGDVShMlSRMWa3GYoo8H4i1VywBhKEIOZXLyI4eiyzARNLhyU2,H00202,XMR,294,2023-01-25
1UTD3CRbR1GZOBSYywD65Ys7IUBx1MCCQ9,H00203,BTC,164,2024-02-04
0xefdf601ea1d467f7778e925dfcae1e7b8c0b42e6,H00203,ETH,70,2024-02-04
0xae5055bafc616f1e20d462b97992f9e09cf33e59,H00205,ETH,313,2024-11-04
41LypqmBx1YU2dNqgA7jOSXSXz9DlraGMykJQFdf4Tpj2gx32zBCdeR3NeGDhDharYvTNKZMkT4cEZf6H3MJ7QbjlfpgJLP,H00206,XMR,204,2023-08-18
4g37OfEpsf8E5Tq6frA18wxtufZl9p3n7vxLeAYWtVNfwPAzmbSmymoGATtGzvbdC7sqnul5Zu2PaeKfAxozqDbZzPBNB2Z,H00209,XMR,321,2025-07-27
0x36829a488d82a6b0086b281c648cb364e211935d,H00209,ETH,393,2025-07-27
4Wp9HqWETbUNJgKZkPbxd7Mgy2npKRV8jQp08ZziuLoi3JBxFVYhhS36MkTsKVgiGXV6Xna4bBl3pWIhGn67PNkrxhAFKfF,H00210,XMR,231,2025-05-24
4Wp9HqWETbUNJgKZkPbxd7Mgy2npKRV8jQp08ZziuLoi3JBxFVYhhS36MkTsKVgiGXV6Xna4bBl3pWIhGn67PNkrxhAFKfF,H00210,XMR,5,2025-05-24
1gEjN863jpo8TuKhpUnxnf5xpwBkTWI2DU,H00211,BTC,71,2023-08-04
4S1ObXrT76SbKqgrYCQFfW1BJkIQNIleIPissyJk06gzmyiMFanHB2PsP3S95QOPC4ojTkn5i9iqk2BmC3JUnzGVfkvqgsv,H00212,XMR,70,2024-09-26
0x8fb088e92ed968820be91ca5b657489878b3ba0e,H00212,ETH,248,2024-09-26
4FiTIYhVuQCb6BBlwYTagTB8llbtmQ1CChqN3sJ7EksHqL9iBhwl7H3WRRpauWBJiUd3J2dGlbUEPG2aMGG5lkcL0iwlOha,H00213,XMR,332,2023-06-04
0x846b8f2615f405a20055f4be7a865d1755910ef1,H00214,ETH,7,2024-06-26
1IgFgYwd5yIujsyaGG5JYLx0Kk9RdIuh8w,H00214,BTC,44,2024-06-26
1P3GA6y9cb9KLNTD9SsKr6hgXChxL5dpzs,H00215,BTC,427,2023-09-10
0x7f4b034ad86874edf2a95aaf29ef11e2217b67c7,H00215,ETH,463,2023-09-10
0x7f4b034ad86874edf2a95aaf29ef11e2217b67c7,H00216,BTC,92,2024-04-09
19vWOfxuI9U7IPBAp07hQPrQoIDdyhevtj,H00217,BTC,440,2024-10-19
1h25SHWGNZvNqMT5hNjUTyuQLvhEnozPyB,H00218,BTC,157,2025-07-26
1h25SHWGNZvNqMT5hNjUTyuQLvhEnozPyB,H00218,ETH,46,2025-07-26
45qbWVaSfKId4h0ga5ApJklr1rpkywXq96K0UufQGMOQGhPLFGPQv2ueCMhws3pzLJ5Yc5P5nrxMTqI9MnbsNrdHcM4ec9a,H00219,XMR,214,2025-01-07
4NIfMISnm75mfzEL9WkyZysbW61SpTdCwavK0KKbP8BrbHhdyChdKgCNyxgbZZuMk11bIyvnUFsLrwSwTImMmfHx31UByUT,H00220,XMR,171,2024-04-11
0x78e34d30fc7512e160f3ed475aa3235eed3b30e8,H00221,ETH,160,2024-11-05
4YSYbdq3Q8iZwMC4AuFflvqt3wItZCKQZwfMzeqK25Nb2e1QTqbS4L9bvt7Ptt2KBkPV7xj1hAwpJ50ND0X8ZVnYL4Y6RdD,H00223,XMR,462,2024-08-26
0xcfb4895073aff0cb2348b1fe7d7a1d1344e3dd56,H00224,ETH,439,2023-10-09
0x7b5d02ee5daa264d36a84e024664115a718cf90e,H00225,ETH,49,2023-04-19
0xb7732ac97ad5ea63877c943b4d8be2cc6616453d,H00225,ETH,389,2023-04-19
0x1e0342aaf824b35366902f298abfdcc4b6de33f3,H00226,ETH,384,2023-11-24
0xb7732ac97ad5ea63877c943b4d8be2cc6616453d,H00226,BTC,500,2023-11-24
4SrhO9Cvyw3ZNU8lnad7ilslio99CfzytonQUmVZ29Sw6fZMNNCOVk6eeeui9NkCW2a1YN7RLnUdAZEBOqidO8TSYhUXfF6,H00227,XMR,389,2024-03-03
1ececN3hb9RXqzcd0vlP7ctLv0y5AIZzTw,H00228,BTC,46,2024-07-20
1ececN3hb9RXqzcd0vlP7ctLv0y5AIZzTw,H00228,BTC,108,2024-07-20
1ececN3hb9RXqzcd0vlP7ctLv0y5AIZzTw,H00229,ETH,396,2023-05-24
0x7505a65980fddbefca96b538d7259a78e822c18e,H00230,ETH,279,2025-07-02
0x54568898e99bc99a2853be4284c1f2762874ec9c,H00230,ETH,60,2025-07-02
1nUMwuqxV78O6j5vUKXh1nCl19a0AYDCO3,H00231,BTC,342,2025-07-09
1nUMwuqxV78O6j5vUKXh1nCl19a0AYDCO3,H00231,BTC,288,2025-07-09
0x68cc51fa6326526a0e79aa0b1c3b328d4eacd52f,H00233,ETH,479,2025-03-12
0x5e597398bdb28ea61298c678aa9a024442936241,H00233,ETH,492,2025-03-12
0x68cc51fa6326526a0e79aa0b1c3b328d4eacd52f,H00234,ETH,13,2024-04-05
0x4541592fdde1c655cde9100ff7a9d5bb03426ba6,H00235,ETH,27,2023-10-04
0x4541592fdde1c655cde9100ff7a9d5bb03426ba6,H00235,BTC,130,2023-10-04
1BUqyBLoDdBEOv6BtsbnOfrGllheNUq6Zv,H00236,BTC,488,2025-07-27
0xf50bba753caba04c9b0b6c1e54964dc030ca5b99,H00237,ETH,376,2025-01-30
0xf50bba753caba04c9b0b6c1e54964dc030ca5b99,H00237,BTC,339,2025-01-30
4g8q38WgB1Y7oPCbDOkF6qTi5bc3Q40O2wdlPNsZYa48CKNoM6CEUJG2fd7qGxLg8wXMbVw3qk40sJWCHsOctgXtF9gqaRG,H00238,XMR,441,2025-08-14
0xefb2ac5436e12c909fc7709f393a594ecfe83da7,H00239,ETH,399,2023-11-10
0xefb2ac5436e12c909fc7709f393a594ecfe83da7,H00239,XMR,377,2023-11-10
40AnRCgyspzePThg9zZHxLZx4ite5FhBHFtFJkuAOprUVnlufah2fbkQ7Z7JHmShYrKQXeredffVicZfPDZtDqSJfuREKBg,H00240,XMR,302,2025-04-12
44imXGdlVelquZSIjq2XEVaG9bVFcLlDHPYxCrUmASskvrlRtRDd8lyN4gOu0YQszzBMOi63aEXSlKDjiYWXpShU7HPCbG4,H00241,XMR,211,2024-07-05
44imXGdlVelquZSIjq2XEVaG9bVFcLlDHPYxCrUmASskvrlRtRDd8lyN4gOu0YQszzBMOi63aEXSlKDjiYWXpShU7HPCbG4,H00241,ETH,387,2024-07-05
44imXGdlVelquZSIjq2XEVaG9bVFcLlDHPYxCrUmASskvrlRtRDd8lyN4gOu0YQszzBMOi63aEXSlKDjiYWXpShU7HPCbG4,H00242,XMR,485,2025-01-13
4cJlK5PbSm9GUuyS2MGc9iJtra77jCHmASiQyJ6T6rN5sgR4R4sZDMdqsDufwp5FOMkz5Ob1WBb5IXZ3ipRHja9RbaROlME,H00242,XMR,275,2025-01-13
0x48daa604455343c06a65475f4798482c16288556,H00244,ETH,352,2025-05-13
0x48daa604455343c06a65475f4798482c16288556,H00245,BTC,218,2025-02-25
0x48daa604455343c06a65475f4798482c16288556,H00245,XMR,42,2025-02-25
0xc64377ea528bb98e44f018f8855ae616f8b16e87,H00247,ETH,75,2024-08-11
0xc64377ea528bb98e44f018f8855ae616f8b16e87,H00247,ETH,205,2024-08-11
0x70ef7dcfbbef2ae777a76f15791ad9ec35e341ec,H00248,ETH,80,2024-03-12
14KZNwkkqQiWDuBh3CTp5CjdfE2US18beh,H00249,BTC,229,2024-08-04
14KZNwkkqQiWDuBh3CTp5CjdfE2US18beh,H00250,XMR,233,2024-01-15
4xhc4ADTt3tqSMYMYGKcYTF8hSzFOFH51VTGdpbZksWK2ioRRUa6aJnoth5IEZhXuTuYRbZmNOmdX1oG827amWxrng06pCV,H00251,XMR,113,2023-07-20
0xb083fbe7454f147c631d508ded6172c28cf1ecd8,H00253,ETH,140,2023-03-24
4hIwfcgvqQkCXluv4DoaVgGVcHFivGtl2obikPUE77ZlFS61xkhRw18kFX9U75Qjpe3hSroseUyy93oIkADCWxYLCiDCDhP,H00253,XMR,293,2023-03-24
4AbwmS7t8z6UvO6Cs5WWdNyYIoqSPI9BYOMGFgBSsWzYkNiKfWFEWmyXbupW0Ma66I6efYabcE2SEIp4h1H1kUAnEOqeLIF,H00254,XMR,348,2024-06-03
16lludUGfNmoNRjkE3qPs3xqQSwU9sXs6E,H00255,BTC,485,2025-08-08
16FTM1lssZC0RURD70eDtbA7zJyCKXKVqi,H00255,BTC,445,2025-08-08
1nEBMI3kmCyf0JiuUM2518n6bIFH3XFKbM,H00257,BTC,36,2023-04-03
1el8f8k5znuZ69TYJhxBEecl95ykkTuW1V,H00257,BTC,53,2023-04-03
1nEBMI3kmCyf0JiuUM2518n6bIFH3XFKbM,H00258,BTC,409,2023-09-28
0x997f558035b411875125349fcdde6063f5816fb2,H00259,ETH,110,2025-08-21
44RI8ZqHhtVPgTMVyFKN2gJs0ueNjaGUrNVBwpYGvf6Kqcx7zIsWRwOZ6L2nSqd74gd1Dx3lJCT0MNEki394vEYUQTudi6l,H00259,XMR,173,2025-08-21
0x355f5b89ba070ea4a8dfe47cef60ea2d60cd5cf9,H00260,ETH,7,2024-06-21
0x1e6e453fc806c29b98052bca0a8928547ac1447b,H00261,ETH,463,2025-03-13
448GOzmANp7IVcwIqz9cEaQ8Y2qovQSgFxMmfCkB73e49cIR0quzm7PeW4qCRLzgXlAvdHITMMFxvG0um4ELMQEI7G1fBTA,H00263,XMR,264,2024-02-05
0xca23e99f652fea9ae9fe0c1aa69bd975eb922adb,H00264,ETH,77,2024-09-02
17Pw08ykyz4WNKIfId0xiCZLjbcJuqzp0g,H00265,BTC,217,2024-11-16
47T7AczRzOtKXm3kpFvvS0InGHmUZooPfqLpPjw2sGu7KRkGZ79OlVa87ZzBBunqFNC6SXfcKbbj2I7facbn5kVAzA2fDJa,H00266,XMR,261,2025-04-27
0xc892c4ffdb0495b12443b6b6ea5f2ecc3c594660,H00266,ETH,57,2025-04-27
1E4RchCDW66stzbIosJ6yqKhFVuaDJW26m,H00267,BTC,49,2024-11-21
1oh2u2RorMFylg1FseOb1W9OoCwgtgyrJU,H00267,BTC,378,2024-11-21
4HRKJl68mNTDR34m9PiCHzckZHsSN81XAn4xx6wPQbejeQMQZKZfq7RLTLwium45vKxp8afXKyxrKUFdvY9N3sqxRQLKgqu,H00268,XMR,76,2023-08-29
1aicOWnGIQEaOCep1VOBb2s8iej96gZ4ac,H00269,BTC,147,2023-06-30
4MEwjfc5dHsJButlwR8vTB8THy0jlkNd8VPuZrsZgDfbw93yFnMUjNnS3ZPAWK1cDa1yqRHPFjTpvWH9XXWUm8JO5KQ4Q4v,H00269,XMR,43,2023-06-30
4OidtDEbctHmSaR8CziD4p4kxvnIkD1UtnJojS0zWZk3ivdB3YntHnDp5VRVi58o2aeq58AqBEx7X8bpHdYMuVs55fIuSkd,H00270,XMR,109,2023-01-27
105hS7brWrnncxWcLId0LL5Zp0qcQL1ASb,H00271,BTC,29,2024-09-26
449zGsQHzxuHQtjkwl2DCyHwDvxSB1X4stjLlFFvbfMnjZxiTA0CtNri2lW2lfBydN95wlmGYgrMJCeSslVbU6SoQuD4FCN,H00272,XMR,113,2024-12-24
449zGsQHzxuHQtjkwl2DCyHwDvxSB1X4stjLlFFvbfMnjZxiTA0CtNri2lW2lfBydN95wlmGYgrMJCeSslVbU6SoQuD4FCN,H00272,BTC,149,2024-12-24
449zGsQHzxuHQtjkwl2DCyHwDvxSB1X4stjLlFFvbfMnjZxiTA0CtNri2lW2lfBydN95wlmGYgrMJCeSslVbU6SoQuD4FCN,H00273,ETH,193,2023-10-19
16FvOwnnUDmOt6EDPBnd3XT9BuIwGjD4ZB,H00275,BTC,183,2023-06-08
0xc2bf707fa38946ded30ea0ac23bbb31f93cc32b0,H00276,ETH,33,2023-12-06
0xe4e025d63bc5851c1b23cfd0a87a4c429e20475f,H00277,ETH,362,2025-05-05
0xf74aeb43571691ad862e4218c622ce02f6b0a99b,H00279,ETH,318,2025-01-02
0xf74aeb43571691ad862e4218c622ce02f6b0a99b,H00279,BTC,114,2025-01-02
0xf74aeb43571691ad862e4218c622ce02f6b0a99b,H00280,BTC,2,2025-06-01
0x6837b0a80ed8f3c486d3629a790e40e8b8a91545,H00280,ETH,228,2025-06-01
4RaigJdBWB3FivlCLmWUU0sq5rw48hTZLczCFtPjeU1a2W9JmaAnUrsm1UFgbRQHqkvC4UwrlZoDpvnSqK2DitHAHN9G19P,H00281,XMR,333,2025-02-26
0x655a7a055ee8c0678f37f0affa45525119046841,H00281,ETH,97,2025-02-26
0xf69b6b1143ad76ccd86dac92fa3799aa75cff6fa,H00282,ETH,298,2025-03-31
1fGPIHQzgz8Azop0tlYGZcMfgvqUhyGlsM,H00283,BTC,407,2023-12-05
1RqQKhe7R7Rq4c83BxPrFzwgl7BEROZPUr,H00284,BTC,500,2024-05-11
1DwZowgmGpq7xAk0KnotQMuB2vgvSIjjT8,H00285,BTC,454,2023-10-24
1M0tFzcvKBCAV0xQWBfkrK6JRnoX6tqgty,H00286,BTC,249,2023-02-14
4VXnGLjxRk2NgZsPMo7E9nWvOPQkNdH7ofWUfSzSQGACSq40qX0CHB1H6CmiaDeIfgzNqq1hQJjzWMF88QfGTWDRdThvoUK,H00287,XMR,285,2023-05-26
0x0b8229a33f95c2944e909b255a6e0317be872310,H00287,ETH,160,2023-05-26
0x8c134b8e5c73a120dde184be06a81c8457b8fc2d,H00288,ETH,145,2023-11-25
0x9252479c1b6f1c4e47a4c86c237f1af3d58fb9f1,H00289,ETH,379,2024-10-03
1qAhryKNrGpZYG35OwzUchBZBGvJ6WADYC,H00289,BTC,270,2024-10-03
1UitNCXvZnNncoPz7e3NKKniyUbpYI77SV,H00290,BTC,204,2024-05-12
0xbe946c6e06e2e2da0e9c3418da9acadc7c6c6364,H00291,ETH,408,2023-12-11
0x56195317f509e6f12576ae6ffb0254440276e09a,H00291,ETH,453,2023-12-11
4QJ4ud7U7ETsMOf79foMjIim3ALBVtNpI1jXBJofpJaSbTRn8pJm1p6BVDVX1m8SzetU8dsFRAeMs4x45Af5QUuIgGhPeaz,H00292,XMR,359,2024-12-29
0x945572fa6412120f5744f9e712983069884a7f94,H00293,ETH,137,2023-09-18
0x2fa8ff14646212be22097e57920494b1ac631c5d,H00293,ETH,430,2023-09-18
45e8JDYYDYB1R6INAfSE7BOICSlK9AiU3btkXLFxYTIOfd8fS95tedUbHU8jw6LOlndywghEAJk21u5hu4j5Y1GGbctM6A8,H00294,XMR,13,2024-05-30
4bx1cGtPPLVvQfEV6a6qiZdWsEn1b4H1CJI0Cv7iyokk3VH3qshooRmuJPd3lR7ednEVEabjp0nuIimvZ23bBlDtQfVZ1Yx,H00295,XMR,243,2023-03-04
18230HmkGz2cqgygtov1roZTtL6hTWPTGK,H00295,BTC,78,2023-03-04
4CUsPAOsUomodr0bn54cQQ16SvJXfGhxQGwpva23BiMjx81IQcUVMZMrNe9KP2XqXpC7mpnel01N3nSHyV32wvzXJv3Qd2k,H00296,XMR,457,2025-06-29
45e8JDYYDYB1R6INAfSE7BOICSlK9AiU3btkXLFxYTIOfd8fS95tedUbHU8jw6LOlndywghEAJk21u5hu4j5Y1GGbctM6A8,H00296,BTC,192,2025-06-29
0x9f4eb2658ca26b38d351381e7800ee2d13073e79,H00297,ETH,427,2025-08-24
0x53bb77ea63fa4c35580114a6fa27a1154f80fbf8,H00298,ETH,446,2024-04-15
1OJ7RcT1kZBtlhOtLi3ITGteyUo85Tr4sF,H00300,BTC,240,2023-08-13
1FPNANY10V2mNQ20jawx1f1ZxVPDaYq0w3,H00301,BTC,367,2023-03-24
0x7097883b4cf9977f63804070130722390fbbed52,H00302,ETH,437,2023-06-07
1qGtVV8so8dvnt7q7WO5Ev5wbYGj5oJjHO,H00303,BTC,274,2024-09-26
4fo8DPfL4uRGI2XbFoY10j6FhtyowvsjItB0H0AnW6OT6X0ICldn93kmHoWjWiEdtNqp44iE9SsbkywvJuNlqxJ7dkpUUph,H00304,XMR,15,2025-03-14
0xb80a2875f7f8188f226491d429d376b8e67f15aa,H00305,ETH,178,2025-08-18
0xc69383bee31e8446ddb4b38305e8ae8bdb4b0fd6,H00306,ETH,117,2024-12-16
4ZoAs2XmxW8oFhlgszpdFdP3dMvHnZbqkXW4I74znjpedlzwSu8FsEqRsMmzzFou8jgzbHptck61GLDZrXaNnW1RLnr68NS,H00306,XMR,449,2024-12-16
4YM7mxoNTZ3v3ykZgVusjTZAi1AD2f9HIM0P5k7AVEdfnBeLfAyColYjhSVPDPX6CwLrZetqFEVlbXrvo5o9CUYyLY8DMgS,H00307,XMR,223,2023-12-31
4pKAQ5dWzoccDLH88lnTnOX0UJL4eEGFWnQOx3AoNlegG8DJ5WgVyjyP93KHECovVRh7dw2RYZONDnttX5AHvZacNsCNRqD,H00309,XMR,388,2025-04-02
0x57c3cd41e4cc7dfed7cc7b4f7c00ebb080836713,H00310,ETH,34,2025-05-20
1PiaZ5PEMaFE2P6LQGUUIRzh6HlxATeABq,H00311,BTC,21,2025-04-20
0x04045599cd2da2fbdcd5cbf19666568035c2ec8b,H00312,ETH,230,2024-01-21
4skCn1uKJ9q8dRRR44DbU07utDjdWNiBr23ySuZjL8ADTM0q5EhGM17eSBAIcFo4ThU8cb7f6CKEEzy8QcdlkabP6pSSBtX,H00312,XMR,67,2024-01-21
1ipvuljbMtgkqvPTzlOOgjV45bkxq0P0bK,H00313,BTC,130,2025-04-14
0xca8b5aa3ecad7d9a05d4fbf4163960c3975b9e10,H00315,ETH,213,2024-06-30
0x347f21891f337d8d1cea0634ef1a6fa2a685e17e,H00315,ETH,375,2024-06-30
0xca8b5aa3ecad7d9a05d4fbf4163960c3975b9e10,H00316,XMR,444,2023-01-04
0xca8b5aa3ecad7d9a05d4fbf4163960c3975b9e10,H00316,BTC,132,2023-01-04
1kP65XSAURP8N4tOthYa0qXi8n0j7ac5S3,H00317,BTC,350,2025-03-13
1kP65XSAURP8N4tOthYa0qXi8n0j7ac5S3,H00318,XMR,90,2023-05-08
1kP65XSAURP8N4tOthYa0qXi8n0j7ac5S3,H00319,ETH,133,2025-06-04
0x2795229e9ceaf75a283ad2e6258743e48fc3e817,H00320,ETH,168,2023-03-15
1TccXv6yHrh2CjFnrdzK15FZvqhoXlymTT,H00321,BTC,3,2023-08-25
0x3a1446144276e08a16d0f5961d4e68a34b3e4aac,H00322,ETH,256,2024-07-28
0x3c14fd69edbc341dba5331a62c3accfae3682344,H00322,ETH,324,2024-07-28
0x20856a58ecab9b1aa8a1c197f9980c14c1b91b43,H00323,ETH,500,2025-01-06
0x50fef612a705766cee1b4f4b7934e374b774b809,H00324,ETH,389,2024-06-22
4ligiQ0hfV1W16utPrtP6GWwajRtWASebRSey1If4aFgp4EFRL2VFoa8NOOv8gTtO8YzaCm3FldtcpOl8RYtast7bgkeCJv,H00326,XMR,489,2023-07-19
0x696c28ab12508725dddeebc9c6c764193db620f1,H00327,ETH,35,2023-07-05
0x696c28ab12508725dddeebc9c6c764193db620f1,H00328,XMR,452,2023-02-27
1TkES0o4NirZyDIXoftSYyrkvXbGZHUlpj,H00328,BTC,397,2023-02-27
1NA1KB2OUtTQCR0Fn8jpFkq34LTTkMkPfp,H00329,BTC,119,2025-03-18
4eHzRNPszbwzL06j6Cq7xb7xUSANwQHkyf624BVLgmr9oOWHRWejWvJ7dlu3zkfMCrEBdtUtdtjrgsjSRAuyjBe3zdqztpb,H00331,XMR,450,2025-04-03
4eHzRNPszbwzL06j6Cq7xb7xUSANwQHkyf624BVLgmr9oOWHRWejWvJ7dlu3zkfMCrEBdtUtdtjrgsjSRAuyjBe3zdqztpb,H00331,ETH,157,2025-04-03
45ySa96wXTne1nNTEWHnDsEyyYUMYoFEUE6YltXVl5qkEGtYSel2IQFOAX69YgiWVGjBgkr1TLN31JDCMKM2sQ11GeLtS2c,H00332,XMR,209,2023-06-05
45ySa96wXTne1nNTEWHnDsEyyYUMYoFEUE6YltXVl5qkEGtYSel2IQFOAX69YgiWVGjBgkr1TLN31JDCMKM2sQ11GeLtS2c,H00333,BTC,178,2024-03-03
4Uas6cJBE1mjuYH7zG9rHeby2krDe88yw6zNmO2WSYYIVA5ue7lbvqhwYiGbUEGA4WtDXEahA8Lyi6b4VjQpmyiFbzxXpRJ,H00333,XMR,37,2024-03-03
4v8ySi7mus3oxP7ekLbtxIZKZAoTJw1M7xis02dv2cdr0uYfVY8bUzPyWAaxJGcLuKkPqnLO9PGfvHOGpkj8x0FdkhgAIVy,H00334,XMR,207,2024-12-07
1k0IMQ8SlH42fqNGMz6w4B3QLQ2g0TEJh9,H00335,BTC,392,2025-07-09
4RWJSm9yZfVXeupJoo8yyWO2XtsLmsDSsodosPjB88DJVXrZvZzBU93egXv7wzJPe5A6aMytQdxCGF2BAbWXUeE7IkR8Ny2,H00335,XMR,50,2025-07-09
4VOEobCs6IUbjDMFUTSi895Fmah0L5NBNY3Ltz1xYYZjgEs3xPzuJL6SIIrmZJBJs0t1oSJbQz4Hrg0txD5Kww8VZ3UZYDm,H00336,XMR,284,2023-12-24
4VOEobCs6IUbjDMFUTSi895Fmah0L5NBNY3Ltz1xYYZjgEs3xPzuJL6SIIrmZJBJs0t1oSJbQz4Hrg0txD5Kww8VZ3UZYDm,H00336,BTC,368,2023-12-24
0x42bd260475fc62c9f6ececbd9f32fb781d3eb32f,H00337,ETH,162,2025-04-29
10Zs0rdAdjhcLg4y0Y3lBNAN9A7EkXXDYG,H00338,BTC,357,2024-06-15
1nlZZly7nFmeKAYHltmALG8eWi4ccBEJSN,H00339,BTC,230,2023-12-22
1hx9BLfOtUTDZ9aekN08In8RXLVXqRwsf4,H00339,BTC,401,2023-12-22
1nlZZly7nFmeKAYHltmALG8eWi4ccBEJSN,H00340,XMR,180,2023-10-05
0xcb5a6118abfca544410cbfe939841206940ce52f,H00342,ETH,15,2024-12-30
0xf03fc432df34718ca7cb03ddb37dd5541c204370,H00343,ETH,364,2024-05-15
13K7y1pMKqFJm5sHJeSrzaWRWJjqSCtaVD,H00344,BTC,291,2023-10-13
4ttsZhQD0xyB2yf19MzlfokpL7lNxah6R82LEZyfcWmiZgzv2ZGTaJDjyQERc3SvQeUhNo2HIn7RdMbrvOGfzQ5E1lM3fM8,H00345,XMR,125,2023-06-24
19JxLdXwkEohfWJC4zw3AF7llrgkGy7vUb,H00348,BTC,359,2023-09-03
1Hthdg8RKwZ4LMOTlklqLlS4rqY2qbTVzB,H00348,BTC,475,2023-09-03
12wKOlSiid4LF0ySRr0IyeJmV8JkwZ4vSL,H00349,BTC,61,2023-05-08
12wKOlSiid4LF0ySRr0IyeJmV8JkwZ4vSL,H00349,XMR,408,2023-05-08
4wyVdXweGldHOcJAhZ9C8GaHF6hmvo9HTtC3mjqj5d45SwDdVoBxKXxLluEbFUlY4E1PVKkMaSqTBVK8VNIW4Z6e5441eUC,H00351,XMR,74,2025-07-04
0xf15d2cf2cf5f1449215d530606502973782a7225,H00352,ETH,118,2023-10-24
1ofoLDjKIHE0lHC7Den68Vctj2oGEQzG5b,H00352,BTC,380,2023-10-24
1V8E0RVDNBskTD4DVcM4DHYxjxp19XLNem,H00353,BTC,469,2023-12-08
48eoh3TDOPqqIRPvZShYLwqr8kQonqqclxTJPG9xYv6eaHHMjO0gCga5HQCrIupfvM1OYY3VMBsR0zSaJVCRi00vqF3FFvp,H00354,XMR,485,2025-05-27
48eoh3TDOPqqIRPvZShYLwqr8kQonqqclxTJPG9xYv6eaHHMjO0gCga5HQCrIupfvM1OYY3VMBsR0zSaJVCRi00vqF3FFvp,H00355,ETH,407,2023-02-07
1xmirEHfZ1Tha26Q7hYBjhMHK3YEqXsALX,H00356,BTC,104,2024-06-06
1341SwRReysNhTNbFdOr5rvhMSys1K3lpV,H00358,BTC,13,2023-07-13
4e2Z8NahEPrYH93skukr2A167DhMndyT6PZs0F6mSLbXHEwmvIPKJnkUr9nvQM75U0x67hpmoe5T7AVMx6rmiplrAKowwhA,H00359,XMR,316,2024-10-14
0xfff5197f384e3cdad9bb658068fdc9b890dc94a6,H00360,ETH,83,2025-01-10
4a3O8JbegPQ1IFlhPmKIUmUb6kcSbZw9BOPvC40kQmIBQhAUdeI0BeLg42p80XU72W92BRrdSALv8IcY9xV6eG0tcsPF6Fp,H00361,XMR,182,2023-12-25
0x9e92c755abd77dd057a42f4335270a204e20b28e,H00363,ETH,445,2023-12-22
0x1ac47618eeca868c8a4a8c6f67701708e3cc4795,H00363,ETH,188,2023-12-22
0x1342900324b41f3f939cbdd7e1f187f6eb287b7a,H00364,ETH,180,2025-02-04
4VkijRI4TtDW7zycdNFtY65XKaK866fPjygMoxJgxgtgIY3xN06tddt9GMZzvBaJqyKxrQrM2u5yVS5K0D9DxxB64Wekpsb,H00365,XMR,24,2024-11-24
1uilNb4sbOfwbEBkLTZrkbgjVgDiXlcLto,H00365,BTC,131,2024-11-24
1H7it93fRMJPxDDUGEnshQTp9CjncTSDou,H00366,BTC,253,2024-11-29
0x2ee8fb6b5aa7aaa3a8397d197f49709c1d83994b,H00368,ETH,383,2025-05-24
0x1c67faf13ab00d6a9a8b0a5cb7f18fd1bc7a1b37,H00369,ETH,142,2025-05-10
4lDxxqOFRdh6rl46LvbpOmBKpyIotcj4ghbrwtWKHcOO18XOsybzxm6tOLnbNBA3B67mtMhAy3dxVuFC9m2UKcqwvOsmAlZ,H00369,XMR,114,2025-05-10
0x624213316ff601ef3ce0dcd9662da16725f49138,H00370,ETH,28,2024-02-07
1ory9NHMHqEQpG4spLu0n2FlxUHaf06vXo,H00371,BTC,342,2025-02-06
0x9d40165715034cc13f7babbb1b32ec295cd4997d,H00372,ETH,254,2023-10-03
4a0qOXSffbGcdO4lP3z5rNgm7uQLEq29HLw8zrixjFvVnfCFWL7eaxXoClwAwyo5nFm9qm2tIJMeNdbW10Wb7bkqlb6YeZi,H00372,XMR,231,2023-10-03
4a0qOXSffbGcdO4lP3z5rNgm7uQLEq29HLw8zrixjFvVnfCFWL7eaxXoClwAwyo5nFm9qm2tIJMeNdbW10Wb7bkqlb6YeZi,H00373,BTC,451,2025-06-21
4WEIEsthgiUGtGslfEVlYFqX5OjeTNqdQV4s3EJUK29QfmBEhBeOAHsWLQ2GOV5KMPeOjy3pSHSZiC4MtftwP6YwaLDp3Wn,H00375,XMR,101,2025-04-12
0xf17585b4f19e7899c69c8f8da373202b4522bb25,H00376,ETH,101,2023-03-09
4UJHAycGQJlojp8xgepQLvTkluUqKRYsxCbnfEzIQgd010fWPn1krEd2EmdGgsfrl8oCwC8rTvRr1Wx3Ph8CW8oWPmaeAvS,H00376,XMR,135,2023-03-09
4zxCHf91xVKeAz795YwvOR7fYCjYJyqjeXnBd5hE3ft8E61k49l0RiM9YSZsvm8gKzTZufysYs40gJQaYvr2abHuUoHVZZa,H00377,XMR,341,2023-03-06
0x50ec31eda2733f0e2ae83df2dadf1ddfa3d506b4,H00377,ETH,336,2023-03-06
4NtZde33v86s7SfQx8bzGYLJvfgIJPffyRYX2F2IFmrGdJXuhSqN5z3ACxDQgS8yKusbimgYmWUs9lRyJmNPXQyLNwDg9o0,H00378,XMR,460,2024-03-16
0xbe013d9b2458157e61639ec180c5d454bb6ed530,H00379,ETH,371,2023-06-26
0xbe013d9b2458157e61639ec180c5d454bb6ed530,H00380,XMR,67,2024-07-05
1ZcBzDxr4LPax8KFn9bpDuQpEXqxY0S5d8,H00381,BTC,260,2025-06-07
1ZcBzDxr4LPax8KFn9bpDuQpEXqxY0S5d8,H00382,ETH,288,2024-09-26
1Hh2C74dr8LSAFjLtiCUNWf6L7eB6839nC,H00382,BTC,356,2024-09-26
1crW6CjakSUH7IJTknLCK63YFaXJ84CEc3,H00383,BTC,36,2024-05-27
15VtRlrspfc79iNKnZjgb5nzEP2q0ccLlU,H00384,BTC,175,2025-06-22
0x4f063317860e3961a9b04fbcb3f89de84565c85a,H00385,ETH,5,2024-03-06
49Df7S1VSYFsiyx00II5Zt6d9ABYf6jrwbfeBQcZgkZOrT2h1JggSAdDzlVgbL80zNP6UkAUlfyJrElUbkdymeYteZc6Lir,H00385,XMR,132,2024-03-06
0x4f063317860e3961a9b04fbcb3f89de84565c85a,H00386,ETH,3,2024-08-14
42HSysj8KZzVhT7FlXrYWD6YiZFRneH3JKFcB6dtryjbnCs7sUwEeKNeQBREmsSj2Oeqj8fgrbDPJXe3o9BQy0tMi0LaFdm,H00387,XMR,266,2024-01-12
0x95e37849f1d9444ae3d9108b583878bd9dc6f212,H00388,ETH,72,2024-06-14
0xc67bfbf8eacebd8cdfcce82793c80659453d8b64,H00388,ETH,447,2024-06-14
0x9439c30096a11a36db29c1a27fdb6e11ae68201f,H00389,ETH,184,2023-10-03
4dQ79nur59xhn6BrciUSM4tl9UjS0cQRJvLua8mYgjYWS1gxv6KwKN26VxKXl6reMSChBzvu6ZnyZchIfgPEXaniJcQpjSw,H00391,XMR,103,2024-07-31
4dQ79nur59xhn6BrciUSM4tl9UjS0cQRJvLua8mYgjYWS1gxv6KwKN26VxKXl6reMSChBzvu6ZnyZchIfgPEXaniJcQpjSw,H00391,ETH,449,2024-07-31
0x3f42da293239df5c33f7f053b68b16bace726343,H00392,ETH,104,2023-02-20
152ltmqTQyySyi1Mh9m7SZylfvoLr93qaW,H00393,BTC,197,2025-07-26
152ltmqTQyySyi1Mh9m7SZylfvoLr93qaW,H00393,BTC,215,2025-07-26
0x40a898eb76d10f9366b767d82eb300ebcb4aa87d,H00394,ETH,286,2023-03-05
0xc246af0a0f611f48ac7cdce636c5c76ea9f03252,H00394,ETH,148,2023-03-05
0xb6785e543bdbc0915e99ee0c8267af548947a1c9,H00395,ETH,111,2023-03-22
1oQ107ZNybzSj3BmITjoNhMiLsE7SVGRQE,H00396,BTC,143,2025-02-26
4ZxATRTZa3mQhPO17IAG50yxLlEM0M4t7Hh0OlMPAsu6sH15iDFhKUUwMf8OhNVLqh1UozttRCEkLghIGs3tcUXhZqCXSaJ,H00396,XMR,91,2025-02-26
1YyhEPjwG2IiRQHqSq6Uk8ChOZG2bqxuN7,H00397,BTC,47,2023-04-05
137MKxhkgO0RE5tW6O6tZC7x9BWUVozvh2,H00397,BTC,258,2023-04-05
4btDcTkm3DWhPSkxbyYGlhU9ia77o2xGhXpX7NOQCNQvfNY25R9BOlSqxjqcxxGKDlo0WxMeY7KQNGZH9uX7wk2kMjNCEYc,H00398,XMR,94,2025-01-16
0x9baa9451a9e535ce77b7e0d646102e2bbfd64b3c,H00399,ETH,438,2025-06-27
14wSBO21ErYJVynFs0FdpPbnAzp92HBQTd,H00400,BTC,66,2024-09-11
0xe3ea80a72daa55fc3e5e8d107920b5e07b2f28e8,H00401,ETH,174,2023-12-28
1MEdBr8QqdZ9SEQeOlRuoZs9Aggu22vOvl,H00403,BTC,428,2023-08-04
4Yi8CJZRUldhxJeho7b5GP5oMwmheXBONuOR1ZhwZij4W3nquYXd10JKBbRZ7EYe5V2nF28XyyZDaQ3J4dyWaBd7vT4dTAs,H00403,XMR,15,2023-08-04
1IolJUrb0SVgQsUrcDNbrm6HK4W0muogDm,H00404,BTC,379,2025-06-29
1w5QwkjsPTfep7qfs4J07giAUJKi30yxIS,H00406,BTC,113,2023-08-02
0x5f76dad0d8ac8e162bfda35788860e9ae881571f,H00407,ETH,419,2023-06-26
1YtPy0v6RcPR7jJBa1eeGpCA1NecGeY55I,H00408,BTC,365,2023-03-02
0x7f13319e08888a74bcf422a2208b4cb42dab29d5,H00408,ETH,349,2023-03-02
1aIGIVHP6EPAtVYgtpD5CkklGxu88BYL9U,H00409,BTC,351,2023-12-28
0x7f13319e08888a74bcf422a2208b4cb42dab29d5,H00409,BTC,289,2023-12-28
4IJeUcU7FmjDA378T2eLRMUcpC9ECpfgaYk01uSZmYDQu26Lonv8IuhSwQeOsKrcQbFq70B32EioLDXN0177HIfgH9GjgW7,H00410,XMR,384,2025-02-27
4IJeUcU7FmjDA378T2eLRMUcpC9ECpfgaYk01uSZmYDQu26Lonv8IuhSwQeOsKrcQbFq70B32EioLDXN0177HIfgH9GjgW7,H00411,XMR,166,2025-07-22
0xbae184b7eeddf74b8cc0f05f6f460be343cd5cc5,H00411,ETH,245,2025-07-22
1HK3dPZqkzIuVRssz0aOPOT9QzGHKv7GMM,H00412,BTC,402,2023-10-27
1eNeQ00VomUc6rtigEMunt9SIXwAq3wVas,H00413,BTC,160,2023-02-26
1eNeQ00VomUc6rtigEMunt9SIXwAq3wVas,H00413,XMR,439,2023-02-26
0x93c62dc93f11177e08e84341dc0b0ad043f10e48,H00414,ETH,77,2024-02-13
1pb9WJ8SC3Djjy1MBX6z7CorNu43HS9YBd,H00414,BTC,46,2024-02-13
0x11ba829cb2df534e2a4c2f3df1d7f402d8a8e277,H00415,ETH,69,2023-01-14
0x11ba829cb2df534e2a4c2f3df1d7f402d8a8e277,H00415,ETH,359,2023-01-14
4nqJ4fob1ctR99p4y4jxP6zKhQvp8VPUM3RpavJY8f7IFSyk6sar7Byfb1ecBR67SeKwVG2eYyfHNmTjKSIBumByXhtwbQe,H00416,XMR,284,2025-01-31
43d9o0DtWTmyPelveskWQQ0Ty4g986H9MRfiteu0TkejfYPYONpYZnIDnbcRycYpPk07ZGLCMY9Sw8DoDVDxB8VVS7O6sPg,H00418,XMR,12,2024-11-11
43d9o0DtWTmyPelveskWQQ0Ty4g986H9MRfiteu0TkejfYPYONpYZnIDnbcRycYpPk07ZGLCMY9Sw8DoDVDxB8VVS7O6sPg,H00419,XMR,246,2023-11-17
0x806fc8926708ab44ba9845a2827c64bad376660b,H00421,ETH,219,2023-10-10
1O5ogehQPSpFi8nS31AETSNdGlV8h8nV3x,H00421,BTC,372,2023-10-10
0x42323061f6761262d0504d33876ad57b0befd1ed,H00422,ETH,285,2024-07-01
1lrsAqrk7mPw7KHUOUyrGrbSU8XLlRXEb4,H00423,BTC,75,2023-01-28
46xqjY17j75OqJLJcftDyIKJX20n0zmPRMWgv5NzwWGyARHU8grdXp1rI2q4v9rupADK041mPWl6AmnqwRCdGQee6Ew14Ly,H00424,XMR,209,2023-07-05
0x99dcb81bf31f1c3380556ad0cbab55b0996d089c,H00425,ETH,369,2024-07-30
1FsuCVuCzH8iBPnYBMSRaOc6GLQE888oPY,H00425,BTC,25,2024-07-30
4S3WcDDrBCZ8qnmt7aKTRDduvvYbhSR0mnm08Xs34oVfXEUiRFSsN8BSogGGwpVqbWjz5h0RdhvVH2u93jyn5kn6fcCS9YH,H00426,XMR,435,2023-06-10
4GSJsAj9cx1sibVSffHAz3GlEkzoVtcfXGIfsKCZTCUqgJ6e0GS3iDfPw95YV4gXmWhLrHkVIJWiDASornYMqBoxCUgIZSZ,H00427,XMR,271,2023-10-08
4WmurE9o1DsvDht1SYClCq8RVDM7mh4SP0MIbCeipmBCGgRjUgvwr7ZWk1oCpLRLCCQS8brRgq1Sv69II5AfnzrmjpxKW46,H00427,XMR,496,2023-10-08
0xeeaa89109420faed02cdce65f6c1f1f50f772036,H00429,ETH,207,2023-01-11
0xeeaa89109420faed02cdce65f6c1f1f50f772036,H00430,XMR,42,2025-05-25
0xeeaa89109420faed02cdce65f6c1f1f50f772036,H00430,ETH,367,2025-05-25
0xeeaa89109420faed02cdce65f6c1f1f50f772036,H00431,XMR,247,2023-10-21
47uAS4mUU1lj7P6VvbxtPyDVH3H1QsG3J110aW15xKvqEslabiIKVjotZoQC3g9s3l2TsmRGQGdYhp6UD36lQrMkIJ3s0cY,H00431,XMR,378,2023-10-21
4MXAuFoHR4voODu18gl7jaFif02uYKRIO7dvyal6ljrFPcokP6SfpY2U2mDI44bdyItaNRArjK0oJ92xuxcCOLmlX3WacST,H00432,XMR,374,2024-03-19
4MXAuFoHR4voODu18gl7jaFif02uYKRIO7dvyal6ljrFPcokP6SfpY2U2mDI44bdyItaNRArjK0oJ92xuxcCOLmlX3WacST,H00432,ETH,411,2024-03-19
4RYTLhocOy1gaGxuQZFdrhLmAqaZW4yrgx1g94hGilkshoQT3kVUKxdebiplm4VkUWZhnKKORi7TIu741G5hslFoucligTr,H00433,XMR,401,2024-07-03
4RYTLhocOy1gaGxuQZFdrhLmAqaZW4yrgx1g94hGilkshoQT3kVUKxdebiplm4VkUWZhnKKORi7TIu741G5hslFoucligTr,H00433,ETH,27,2024-07-03
12LvoRj9favNEGPtQYl0327QIfZs7P3pOu,H00434,BTC,431,2025-08-07
0x93e2fd70333b863de12930940d8bc40065f6db46,H00436,ETH,313,2023-11-22
4USidVOuywASUDNTg4WBC81e5jD0Z94NtZrTbgobwKCiuZmpPVktXOLDZcDQmbzJB3JGE9J1B0hKl870dTR94i0SjISwscr,H00437,XMR,8,2023-09-10
43yYHQquRdguYBVPikvZIqHhNWbAasv1PVNIlTCJes5EcvQVBtNXDRg1EjLhkzKGgu0por9womIt0nbNOiAMDGGPmnhdTl6,H00439,XMR,394,2023-03-05
1SjcPxzqvNHamqqdvIZwBwUN0xfL0EVqSp,H00439,BTC,398,2023-03-05
48cq4sWTQOQt33TSKU4YiWRbLxruxr8MflWHne1gZC4SK2s75Ls5r6il1GpjNOKvQG4D3sjC89654M06AVoa2rN2u0PvbK9,H00440,XMR,406,2024-12-17
4IPRyTse4BmIJ1kGQ6eaUvU1KWkwgkgh36GLU4sykpg9fB5yx151xyo5OB3oad7Rs0R0mmuL23cfwz0saDQ5Ox1WvTzKs2f,H00441,XMR,136,2023-06-09
46CnvN9jSGmUR1NyZjxWE3DqSgQzhZ04B60xARzWu5DztaznpywvGzhChfdBK0ADKyMoN4lr5LPA7jotsmBM6lG6ufwAlTH,H00441,XMR,106,2023-06-09
0x9ee92f677d131fdfc1b69a16a3db91c39c9fc0be,H00442,ETH,462,2023-04-11
0x9ee92f677d131fdfc1b69a16a3db91c39c9fc0be,H00442,XMR,105,2023-04-11
14siIXBzljFg6N9OjfDoAyV8vBADoMdy6R,H00443,BTC,398,2023-01-06
15kFRFWk7YQmAxTCAe8qDSBAwSZV9EOhAq,H00443,BTC,15,2023-01-06
15kFRFWk7YQmAxTCAe8qDSBAwSZV9EOhAq,H00444,BTC,338,2023-04-30
0x688ae5882ed85d3920af2760f0773bcdf0a671a2,H00444,ETH,307,2023-04-30
0xc1cc59bd22160ebc6081983c2cc360c6a9b6d209,H00445,ETH,402,2023-07-29
16au2PE5q3RLHTTFxHTqYU2dktWLpGDe0n,H00446,BTC,276,2025-01-21
1DKSovQsW31qRrvY6I5V4XNbv3VC6ZmPd9,H00447,BTC,64,2025-03-20
0xa4c28be59bcd7d61b342d6ed72e766bc7cae113a,H00448,ETH,347,2023-06-17
0xa4c28be59bcd7d61b342d6ed72e766bc7cae113a,H00450,XMR,79,2025-05-04
0xa4c28be59bcd7d61b342d6ed72e766bc7cae113a,H00450,ETH,208,2025-05-04
1q0mpx9CfXYlb4uFtNi0eoOIBayGlHNCXi,H00451,BTC,404,2025-02-19
0x48bc9a731fc1f00c1de987a78bf2d3bd67c0d202,H00452,ETH,433,2025-04-11
1nelmbo4zFkBGsCocIfAMcmvbnUVriczjG,H00453,BTC,369,2024-09-04
0x0849a32d752297cfbe768ccfdc4610f6f07ef9d8,H00454,ETH,119,2025-07-04
4bHH2kxRCbsr5VWvXwqkJpxOGI8EOqlgdLro2IcwXsRYD1ZLPUqVGLGoa4hHW1B0d6IbXTDxYT8oKoQTULJ3xXyCWW9BYa9,H00455,XMR,15,2025-06-19
0x85f17da99660b6d78e2cf18e1b98b45b58390e8a,H00456,ETH,293,2023-04-22
0x85f17da99660b6d78e2cf18e1b98b45b58390e8a,H00456,BTC,51,2023-04-22
0x85f17da99660b6d78e2cf18e1b98b45b58390e8a,H00457,BTC,200,2023-10-09
0x85f17da99660b6d78e2cf18e1b98b45b58390e8a,H00457,ETH,412,2023-10-09
0x2caf283fe930acd64d58d615afda7afcdce6d074,H00458,ETH,444,2025-01-07
0x58ad2b8f983b2d65fd4147f30bd056708e74f548,H00460,ETH,98,2023-12-18
49IVTTggBiwKy6VN1V2C8eGxehrQ6CCD1hymhSuNmHdMYzjPV5DGWz4XhfHVKeKkJoRTrXX8TRrc1iBPT0cQG45ovQJ5UIV,H00461,XMR,291,2023-12-17
0x6b91a9509b85fceadea7dd29a649266f665c9139,H00462,ETH,159,2024-06-07
0x14094e7b342afd885d250a4e0131c59db4244bc4,H00463,ETH,130,2024-07-20
4AZj1N8jU6cBA7wqx6A4P7OAYFd7mCdCde0dK5686xT4xEXwo6G4H8UivXSCJqSnDfgEPXe1RS49Jw27SPzNgSeTUE10IfG,H00464,XMR,287,2025-05-27
4GWfxJLYhHO5BipMnDHrdGPDeKxEfw2z14lWga8d1bq5FTYeYKWscBPv5BHvZLcZdm5C6a4I7A84e7tB2nLfdjY3DOslnEY,H00465,XMR,494,2023-09-07
4PBi5phU35rEafjzRbVx4A5TS6kNizyLk5oyidgosj3gqTG0FBobjTLGziGhfJbmhLzSHIvmxLemVw7GlRBpF64UsCH6H3S,H00466,XMR,272,2023-06-02
4vRN5hMHFIhUnnKhYFjmWiJHkPWoNlTS1DutfXn4HEdx7usZsbZ7vStFuwmlsh6mA1NcZEcY2kUPtLN8hrRgaSE3gE0JDGK,H00467,XMR,216,2025-03-24
4VnSy6aar1X8uWtvFMsiF3xoDnDnk5z26SK3wmCjqtrK8EU8hk6ky6Lu7esP4O5pAMk74cdLgXjwTZGxp3tV7diMF6bG7Kw,H00467,XMR,121,2025-03-24
0xf0d8126f8cf4d7fc48c20a73099f90a1a3a80d17,H00468,ETH,479,2025-08-20
0x5e0c20b113f3b7e43ef809feb623b9a2d96747ce,H00469,ETH,495,2023-09-26
42g20JJAJYiXJR4T7FUwF7gLRIID0lOXRmdRCvS7w1E1JA0Pgyu3JqgVZm1acU2Nn7kkbAszlbAPBFlNGpAXfLOtTfU3bl2,H00471,XMR,258,2025-05-02
0x5c605d94172b355da2ee55be6d7d3470a74a4d11,H00472,ETH,36,2024-01-16
0x5c605d94172b355da2ee55be6d7d3470a74a4d11,H00472,ETH,455,2024-01-16
16bEnHH807JQd70eOjkfiqOmVXWRY0Aw8i,H00473,BTC,487,2025-03-05
1ecCZOrvl63dUwTdcL6KfeMOUDhuGbGZxO,H00474,BTC,64,2024-12-05
1e14284ubQStgk0kU2vd1ehk5GDXW7vdHl,H00474,BTC,203,2024-12-05
1ecCZOrvl63dUwTdcL6KfeMOUDhuGbGZxO,H00475,BTC,302,2024-09-27
0x0e397f3218b3938c3fad21b797a25ea7d59f1b57,H00476,ETH,350,2025-03-13
0x9fa02f6bd6c81ba23bbef2f0eebfdd4e21c31951,H00477,ETH,128,2025-06-01
0xb7c42ae00ec3d01a78eaa1e93899788d5cc5d6b3,H00479,ETH,300,2023-11-15
0x3776892aa55eefe26bd3c0126337fe2fe5711ef4,H00480,ETH,420,2025-02-16
4d0YdMPa2A8lOvbLXrATyQzav463aAHKb7Z5l0xVxUk3GHXWMDmDOJqbCQaq4hLblr0hA9RX8gFCim8FKOCWocK2av5oZ1m,H00480,XMR,390,2025-02-16
1vh22HBsCbqHxVXucknfpXC6WXUsTr1Fh2,H00482,BTC,177,2023-12-26
4dn0Egu9VT6baEqJGo5GjBIj0dfjcjTY5g6uZjz72ldEQ7RXBREKxTZFuRDgUWGB4MYCjxbZbB2MDpBv8YGCZTPTLqLSj24,H00483,XMR,338,2025-04-24
4dn0Egu9VT6baEqJGo5GjBIj0dfjcjTY5g6uZjz72ldEQ7RXBREKxTZFuRDgUWGB4MYCjxbZbB2MDpBv8YGCZTPTLqLSj24,H00483,BTC,56,2025-04-24
0x2f627ae216dd3fdb27ec0d2e24ba1eb863f5d816,H00485,ETH,139,2025-07-27
0x2f627ae216dd3fdb27ec0d2e24ba1eb863f5d816,H00485,ETH,141,2025-07-27
0xaa21ee3fadc7af062d6510e6ca97e0334c5e448e,H00487,ETH,209,2024-01-07
1XRot0IFEPRycgogbTNI7Biqxmf6h6uWFg,H00487,BTC,280,2024-01-07
4vil3DhSazHqAB134Bw2AxIqcslOT17LfPdn0CrL8CmBtxAFek0fSktMJU2CBO5teuwE134V0QihRp97eSNfpLyH6pZL3S4,H00488,XMR,25,2023-01-18
1GkKCBFUllXbFZ9fX6Pen8xb0PTomAAHW2,H00488,BTC,303,2023-01-18
4vil3DhSazHqAB134Bw2AxIqcslOT17LfPdn0CrL8CmBtxAFek0fSktMJU2CBO5teuwE134V0QihRp97eSNfpLyH6pZL3S4,H00489,ETH,254,2023-12-14
4rsFmk9svCh87K6v82xrKW8BIqEkDRzcqe6Ul5IfEFhFfyLL11srtlP8JmLyn81lrFc5atkLRQ8x9u8UTrE8hkdcCo9fyJc,H00490,XMR,275,2023-04-07
1rjpNOMEOCzSE9umi8NKKIoKgJESvMKdxG,H00492,BTC,272,2024-05-11
4LWPWTtGlrA0sR64Xhe3HHa1oUrzCcSbBgWBMnIYqFpGebWSzpF2a7RCkeJxcJiizezptcvsysNGuNbWhEwk0tdSaeDxxbs,H00492,XMR,304,2024-05-11
4CJhsfj9E8Fbe1YUxpm94HFM7iQIp1LkMh6j0pGRhU5fPJ9Fr5PYcdYFqoWjykI5UOqnk9oQFyc9UO2nuyE9iLrr5js0El2,H00493,XMR,71,2023-12-31
4s7EjG3pPpotVpkOycX47RRnlijQCvygFP477wHntRrQ6e0DobN0ZGZ3SfUYGWfTVKT7jsU63QjrhZ2kMBowZMFxkiGSGoj,H00494,XMR,16,2024-07-20
1LFXqNJc0b0YMlNoACCIx1fr8wvrXVMtsr,H00495,BTC,376,2025-01-09
1LFXqNJc0b0YMlNoACCIx1fr8wvrXVMtsr,H00495,XMR,472,2025-01-09
1mkYonZqInmFRwxSCOO203oFIvfoMm5eg3,H00496,BTC,466,2024-03-15
4nhj36Aqw8ySVNyC6w1CcwEg03EfxNPfPIo6oY5ooxzkXOPZxvbhnvWJthWXdTUpUqfe5oCm0Qib7QOPiicf8Do90Il2iOB,H00497,XMR,397,2024-11-10
1zIzO3JSVPAAoaWEbNNAZsI9IAZo7MVNG2,H00497,BTC,232,2024-11-10
4J8gKkNKWvKY9ffbiN7HtLPnH3mua0Kpj7CxmiNUyMs2GVzm3RQidS7f2pU8Wa2z1uXmmkpMS8z619Me0gQJyyt4RWhevfV,H00498,XMR,198,2024-01-06
0x8da46dbf4d01009e0655d1096268e730b6735098,H00499,ETH,83,2023-04-14
1pVAhBcWfbQN6FjV1JNO8nTIkei2V0Ogcg,H00500,BTC,496,2025-02-10
1pVAhBcWfbQN6FjV1JNO8nTIkei2V0Ogcg,H00501,BTC,498,2025-08-19
4ZGtKERbs8ROjScLCR28D1Rz26BQ0pgcdM9tvmeMU2Y5TOrii6nyuVZpkEfq43EXSlPRwaE8yZjmo0iXD69xcLQr6t046qG,H00503,XMR,114,2023-08-31
17XY8QsVL42nAaZezfBTGE8VY0TyoVb7Fm,H00503,BTC,239,2023-08-31
0xafb87c63e136304ae4567ad468447944d9203884,H00504,ETH,99,2023-08-23
0xafb87c63e136304ae4567ad468447944d9203884,H00505,XMR,402,2025-04-27
4CAaUWzgOOjwhFqptlhbItpNI1G7K4mS9KbpTgBMAqyB8HaX8j01zQ3UJEsVJwhOOgC04BQ8TSBhjrF9ZZRy6PJuYSLDyBt,H00505,XMR,402,2025-04-27
16BxMR5OclJ9kE18DStANWrTIlvTsZuDyp,H00506,BTC,151,2025-07-18
4QJkcdgmFQyGpx753kUVRHepFiRql4Wc8sAVxo94ukePFOdvZ20EiyYFDKJm4cZ2djUVdmcrmmd6YFDK1bUbOfi6f1x4mlp,H00507,XMR,258,2025-07-06
12KNvxva7ZB1kFhJhdymeMIxsrVIdByC5U,H00508,BTC,196,2023-08-04
4iONYR9cQ3XTAuezwfizu33q6E1mEcrkYPeYthxjpJCC8ZWHFZdXbaKHvr6wdAOMnZvOEzpQnG3Phlm4u1t8P8m8PnBc9zj,H00509,XMR,3,2024-03-05
4diOZcOFcCpEp5zA0IcpfB1MPCBbCTMar5yPBbcvvLWpVeLLrKmrrNTMePPyfxNclYJCNSJ4jAPli8uv6vC4t4XgN6qUwO9,H00510,XMR,435,2023-12-11
0x1dc07d7802c2d63767c69a508765c888b3c98d3a,H00512,ETH,449,2023-11-01
0xd3a3bde90f83e0d034be1c04548e29f1dfbca100,H00513,ETH,94,2023-06-07
0xeed9e09d02cac249dd4adb24b2d405c38549f9cf,H00514,ETH,267,2023-03-27
4nB9HeMr5XIbPrrUyo6vRJ9c0cVOPi7YC90iNfCgrhgiglNcwHG7UGseLm9zOOU7kyO2XSnfXoStLqBbDGeUGkNv857ig9L,H00514,XMR,340,2023-03-27
0xeed9e09d02cac249dd4adb24b2d405c38549f9cf,H00515,XMR,474,2023-12-12
18et7l2offx3tE05LSCOU30aq3NUORKXIQ,H00516,BTC,262,2023-09-05
18et7l2offx3tE05LSCOU30aq3NUORKXIQ,H00517,BTC,9,2023-01-11
4u0oLv3YtpWTk5Grw1Pe7i1MQWKnIDSH6GrmeaCsK5fq9HCA1rlCna4aLkd1WgIJ4Fd4XAO1MVOImjWKj0rdfhyl1G7bfXA,H00517,XMR,277,2023-01-11
18et7l2offx3tE05LSCOU30aq3NUORKXIQ,H00518,XMR,469,2023-06-28
4u0oLv3YtpWTk5Grw1Pe7i1MQWKnIDSH6GrmeaCsK5fq9HCA1rlCna4aLkd1WgIJ4Fd4XAO1MVOImjWKj0rdfhyl1G7bfXA,H00518,ETH,453,2023-06-28
0x1ef420ddb1adbb78014df2d2e4eea7a862d32d38,H00519,ETH,398,2025-04-18
1hGxKlK7pd7b4sR8rMjk5LrAZ3JNDzOgA0,H00520,BTC,211,2023-05-05
1hGxKlK7pd7b4sR8rMjk5LrAZ3JNDzOgA0,H00520,BTC,238,2023-05-05
0x51f7edcabf3aaf516827da2ecf7f4f5b0c6b7353,H00523,ETH,358,2025-07-27
0x51f7edcabf3aaf516827da2ecf7f4f5b0c6b7353,H00523,XMR,16,2025-07-27
0x51f7edcabf3aaf516827da2ecf7f4f5b0c6b7353,H00524,ETH,373,2023-10-30
0xd362306a0ee212518a7fbc79a7a8c3dc56106e7c,H00525,ETH,101,2023-04-13
4R1wE7W0cHeveSI1Ta8UYDF44IonXBHlAesS1Ttzq5X1w9xCw5oed4c7iA3B9JMTCt28lEuC7erHM9elxwiNgRzwmYM0FKq,H00525,XMR,142,2023-04-13
1eQ6U4vJPA07AH32s7K0kCZkxqv2Xk3Hm1,H00526,BTC,416,2025-02-28
1rb02imcHVL58Ueik4VLsmNCgVucgdj14Q,H00527,BTC,127,2023-01-07
1rb02imcHVL58Ueik4VLsmNCgVucgdj14Q,H00527,ETH,340,2023-01-07
1d4KtchC0E0UqNO6gKl7GmisKx0ghaLTB4,H00529,BTC,359,2023-03-14
1d4KtchC0E0UqNO6gKl7GmisKx0ghaLTB4,H00530,XMR,455,2023-01-13
4eWAK3MoYtUDPJXCDAjM9ErV6yCMn6aS5Djh7XV5F1JlePLSR8iEMYbTZdzVGPq82zslIF8ptxQC7ymRxG2UDmgff3nxsUN,H00530,XMR,93,2023-01-13
4EruAY86stohnk6Ih3Vx7yemAGlo4pQUjNTcTsBa2HsyR7QCtcEis0XH730cWTgGENNMEgY7F7M6bIZqJfu7SkFCSgewV6k,H00531,XMR,253,2024-11-10
1U9n9WBf20plctdZ31z1pXk1kmylPGgP1T,H00532,BTC,378,2024-04-09
4KN73fZgYfnbEoAyfZWXMTzD5hLCL99BYMCHeylzyFgWreBYIlAQSxLFcdCn7k6hZiCeQU7ifZwhXNZC4P9bM1zWjDogYBE,H00533,XMR,105,2023-09-14
4NjJ1qjBFHAVf0CG2rautIw7PhibAgiVyG0E4pEagrrNR21GDEg6SSxHP29MV1iW869FJZgUjRwMGonTKRKeLF4UQLnAGA5,H00533,XMR,420,2023-09-14
1uef6UiTZzeaLUeUiHTjEFuyQ6wmMKZJSn,H00534,BTC,500,2023-03-17
0xe75d95ddee602846a4f8791e2c4fcd8f9d0ac837,H00535,ETH,41,2023-05-31
4zz6XcUjNS3FjNtvhmUw3AaMLdeQqYHazJed4BOv3L1VxRa9nPz1nRYjBkoEubvV1Osnj9lUAakEJr5y8S6ls2dy5SHn8C0,H00536,XMR,172,2024-08-31
0x8bf1460f21ac910de93bcfa490f83ab0eafd89c7,H00536,ETH,444,2024-08-31
4zz6XcUjNS3FjNtvhmUw3AaMLdeQqYHazJed4BOv3L1VxRa9nPz1nRYjBkoEubvV1Osnj9lUAakEJr5y8S6ls2dy5SHn8C0,H00537,BTC,292,2024-10-20
0x8bf1460f21ac910de93bcfa490f83ab0eafd89c7,H00537,XMR,367,2024-10-20
4XmzxsVufLeT82BddOlTijBRv6TBF4MNkAyito2r5TUVg4DYIQe2tHRVcINT8yx9UP7JygtANjQ9906hSe2Lo0RyIDWxErf,H00538,XMR,88,2023-07-27
1EBFaRqrt7EZeIyKsQeo5MdqcIdG6AiTUH,H00538,BTC,390,2023-07-27
1EBFaRqrt7EZeIyKsQeo5MdqcIdG6AiTUH,H00539,BTC,325,2024-03-15
4XmzxsVufLeT82BddOlTijBRv6TBF4MNkAyito2r5TUVg4DYIQe2tHRVcINT8yx9UP7JygtANjQ9906hSe2Lo0RyIDWxErf,H00539,XMR,240,2024-03-15
1MfUl7TejvYPL0vo8vnOiUshk3BAzSl9Qc,H00541,BTC,218,2023-11-29
1MfUl7TejvYPL0vo8vnOiUshk3BAzSl9Qc,H00542,XMR,432,2025-05-06
0x04a92223402b14c2ab84ee28219b4fd9d008a4c0,H00543,ETH,172,2023-07-26
0xb9c836f433456298c7dd15ab8aea5dbf11bd4996,H00543,ETH,451,2023-07-26
1NPcT75IfTfBcT1M9AlNRpKUuUY4VOBfmy,H00544,BTC,48,2024-09-22
4a5XanFqOO2KRjhZjaNA7N7GXycdSTFD2RuC7fxxY5vyiSmKRsFAt5A2TNeVs1vDGYxN1S3QUaLvhMUJ71bLuMNXdwyb2n0,H00544,XMR,66,2024-09-22
4W0iUSvUgdogx2pbGDZcpoa28krAE7EAQNVAJPJ62CUaB8sfdGdNQ8eaEPj5KNUBFklsXHvwhv2OCc8mqmsYKfCZ4eQddoP,H00545,XMR,321,2023-11-10
49Ocv4IoPo97PYt1LrpOFsFxdBnz5J9vnKN35S8lGzUny7LPR67oqRfeZxiwArYgPzw8dB81snTo19bwsdWUzKBxgrGjy23,H00546,XMR,286,2023-06-09
1vAW1p6NpcdLZOj5Rjr3XefEEhxwTmB8Fp,H00546,BTC,58,2023-06-09
48kYegvigXSY2L7Ok0BVM4pAaKLFcEm3NNxxgofbZpO2KIBXIH8XBmvMsgjoaQYE3wyWCtupD8UFcMzqjixAnGXxeBb9mhj,H00547,XMR,33,2023-11-29
0x984629a8174f83a8d854bb44f250f98239c5f649,H00547,ETH,166,2023-11-29
1WKVh5OBBZd2rSa5S3XZWbVLJL6oVBIUCc,H00548,BTC,34,2024-06-16
18xSfI3qPY45D9WsqYcdduqRpPf9QkikT0,H00549,BTC,214,2025-01-28
1ojCktOtXROQw3c49oGK5ntEBPr9NLulT5,H00550,BTC,97,2024-01-10
4mUEEPsXlkOAWCeysJqpWwhsw6sURziycuvoG8x5wwIGvKLgU52OHKW6do7rEDR7qrVNKwY3JvnTMWX0ghW3Y1eo4dZI0nj,H00551,XMR,378,2023-05-20
15lg21XBg565WY9P5CAiw8fWYKDn1RgObj,H00552,BTC,407,2024-07-23
0x7634da4301e9f20b8918711cdda2a67c44776c8d,H00552,ETH,294,2024-07-23
0x9db40b9b1e64be2d51ff5d4b5641cd4e4a1f0241,H00553,ETH,7,2023-01-29
4cEx76HGkijEiRtGuLNo4eFG4vGEG0Q7EnrdwoIz6ESzCD6aRm3E4O0mCK0z7E0jJ1cmAC4hT8K7KKqRzVx0cflmvEHj9lm,H00554,XMR,328,2023-09-02
4cEx76HGkijEiRtGuLNo4eFG4vGEG0Q7EnrdwoIz6ESzCD6aRm3E4O0mCK0z7E0jJ1cmAC4hT8K7KKqRzVx0cflmvEHj9lm,H00554,ETH,479,2023-09-02
4cEx76HGkijEiRtGuLNo4eFG4vGEG0Q7EnrdwoIz6ESzCD6aRm3E4O0mCK0z7E0jJ1cmAC4hT8K7KKqRzVx0cflmvEHj9lm,H00556,XMR,193,2025-05-24
1ztterI2EYFC7OsvKUKrhGIoyGWUaIL0H6,H00558,BTC,269,2024-01-23
1ztterI2EYFC7OsvKUKrhGIoyGWUaIL0H6,H00559,ETH,86,2023-03-23
1yssUHW3eE1w80w9i0v1ToM9eOlW98wui6,H00559,BTC,165,2023-03-23
1IKSYD7m9UE3AdQlE9HEd9m93pi4Yh1Pv3,H00562,BTC,471,2023-10-18
0xc6164bde87c0977c43ea0d19e20cb272385de60e,H00562,ETH,130,2023-10-18
0xc6c9c21e35ee83fdaa472d4f19393bd477673cf5,H00563,ETH,298,2025-04-18
160RtPF3dVQLQqhUNwfmdFtuxj8McOamwN,H00565,BTC,445,2023-08-28
19x6EP33c2JmLRi0QjApZUa89ndFG2WoOF,H00566,BTC,34,2025-04-19
4YqjUMrXUzgjO6wPZFN4IQQh2SkmmY0hRAb0mdITNMlRWRxzp5Rffs5b2kUgwndGZaZsdkD1AeD5FI8gk0S7GLppior7xqi,H00567,XMR,339,2024-12-08
1nQQfVERFHh7ylZhUr9kEAxPBvC1bEBjeS,H00567,BTC,131,2024-12-08
4n3udRieslf6byPhh2q4ecVy9suv8GlabRKqWeSiYrqwhygMt0AvpYDaNjnVGQEMZH0pZ8lOokWV1pTyCC1bMJK0xn3tjwS,H00568,XMR,397,2023-11-20
1hmZTuGI2fRkhxx6W7wiqJKNp3a4WGEhna,H00568,BTC,389,2023-11-20
1tX8W1egSl43eQiyhdLQSOaBShdTYiUKX6,H00571,BTC,200,2023-04-15
43TMECGbmsKYmgBZoUMnS1tIpxxCtKbIvCt4FfFCguvAsHKSyqpjjTqXzLyogZI8Ogu6IMNAaLNmTPOkymqmdMjBkb0sGiq,H00572,XMR,11,2023-08-14
1eCXnIhdeQH0NCpVnSOlsYEgvQkvJ883LN,H00574,BTC,470,2024-07-23
0xcf7163ce53b81e79720be68cdeaf12a944f1bbfe,H00574,ETH,450,2024-07-23
1c424dUuSoAXJZHUXMdJKBrou6TW8p1Ilc,H00575,BTC,53,2023-03-16
4Sfk3YKr7PqUe5exoOa9NgjSFUdZCm5yzld9APZX4jFiq94rD7a0KL9W8BEqxaDeBjoLj55wiBRwRZxvSOC8v7CA4QGhhk1,H00576,XMR,437,2025-02-07
13wA1uRuw7pdVQqbEZUrmO4MnHDk4QC2aE,H00577,BTC,335,2024-05-31
4nowNP0lskmJtqJ5ipSjILagVEeczmFH8eSZ9hIBHZLZpInLRT17UvXqmrOv8XFSSei1JsdZnWGqWd3xJ4HDYaq3NV94fKm,H00577,XMR,416,2024-05-31
13wA1uRuw7pdVQqbEZUrmO4MnHDk4QC2aE,H00579,BTC,168,2024-03-20
1NA9im1ptrbRx92VUKWVVUQp83JUNIpp9m,H00581,BTC,108,2024-12-11
4FnQQouVHdu15JkNO1ZL7HMSvKVGes9HIau8NvewvAFrzti24lDmdcApzsDcrZHEds1iH6Oc9r7QI5NgMjNs5OrCBnmOQDF,H00581,XMR,396,2024-12-11
17qXCYchp1amDB3a6rLgL5gVFMKDbYvDL5,H00582,BTC,433,2023-12-27
1gbGdUlFVeo8Bk03l6uxFHseKapjiieho0,H00583,BTC,358,2024-04-07
46VeJzB3b4EaNYtfSWLuFkXqf7AJvVG9QOqwSYnUyK9GQeOc8wmU3taxosF1sKl50O0Z8ncRIeXdEUNL5Y2orwzwe3oLQb1,H00584,XMR,241,2024-03-04
46VeJzB3b4EaNYtfSWLuFkXqf7AJvVG9QOqwSYnUyK9GQeOc8wmU3taxosF1sKl50O0Z8ncRIeXdEUNL5Y2orwzwe3oLQb1,H00585,BTC,437,2024-10-17
0x77c4a2e05f3a54e7f54d6d3e3c266a3f30b49a06,H00585,ETH,161,2024-10-17
0x6b95236afc298901aef972a55f230e9dba1cb705,H00586,ETH,335,2023-02-15
1bBIVzYwPkmkdti1bPskj4rD50aqkH8sGu,H00587,BTC,25,2024-08-04
1bBIVzYwPkmkdti1bPskj4rD50aqkH8sGu,H00587,BTC,71,2024-08-04
1JNpjUd2bHu5VSJR04Cuje4KokyMtrQyto,H00588,BTC,51,2025-08-16
0x40fda6bf3fd405ef686580f84c03eb13efb8eb17,H00590,ETH,331,2024-07-31
0x3be6dd90d03500603e19ecaa991a06f526092094,H00592,ETH,301,2025-01-04
1sAkdZYJFo2JtoikgxWzoYs5mM4TFA2GjO,H00593,BTC,180,2024-09-11
1GgvXsEt6nTkYPMMw9uZCwupY1HoxbB6wS,H00593,BTC,477,2024-09-11
1YK0b5EO1r3qpiKFKiSXal5Wi7lhXjpRVC,H00594,BTC,458,2025-03-05
0x744f15d01b41d30930cffea647c6ff6c943eaf55,H00595,ETH,264,2023-11-03
10UrTSozMfC9Vs91lVnJ6dW8PIBM4fLfHd,H00596,BTC,294,2025-05-20
10UrTSozMfC9Vs91lVnJ6dW8PIBM4fLfHd,H00596,ETH,154,2025-05-20
0x4ea6f00831567c5c922c4ff17727d807dae2df47,H00597,ETH,37,2023-06-21
1c6fIw9wraxWFWqsHF3b4o5JfS5FgE0rEs,H00598,BTC,308,2025-02-19
1Y1XENlpjHxmp4EpzjmbSvWCzj77ZSdS2D,H00599,BTC,86,2025-03-19
406Mph4ITxZGXvl8TPg8HBjxoMw7ynLq8RIFsliqnUsLdL183mZqjyWXLXkAo46tqtJnaqh6b2xtvP396HNyaeMoODFY4kJ,H00599,XMR,200,2025-03-19
4PWBzVIbYFmtvSSV6D1hbDgDGbAwu2clBtEiimeq4ARsYjcja6CzwFKB9zWDwHfSntoXsSrD82C1VyVkozTSKyARpCJ59Bh,H00600,XMR,94,2024-10-30
19wNFFXAE2UPYqdqNw6ZbzY87PMkw1fV8M,H00600,BTC,481,2024-10-30
1fwQxBvYZ9lN3jDQJhOmzjqRJaXTrBEE6M,H00601,BTC,113,2023-12-17
0x7a14ec5c63827a16ea29250220cff7da57e9ed33,H00602,ETH,172,2023-04-09
4sL9QWEXmG3taaHhe1dw2jfkqbQ5EBUAEHySYgNIyWyswmpHmDonhcZC0O0tCzbmfcECDmPxppKAqfr5tfkEYWxE01KIJal,H00602,XMR,235,2023-04-09
1NM2Rmvk5xeja9NHD1wvt7VzF3TdasEwRJ,H00603,BTC,236,2025-05-12
1giYVHbJDcmrg74hzmIAecfaHmdgxmvW7R,H00603,BTC,325,2025-05-12
0x01ad1d692c49388e9c0bf57526afdb676ac483b2,H00605,ETH,239,2023-05-31
0x35ecbdfce6ebc1addb43c69fc8031a3294c93054,H00605,ETH,416,2023-05-31
4IpuL1uOEXJHbSIowiy2lUCp96Q6IlCz0bBTSDczjxa7Nf3QEUPNk3zggN8TIT8dMYu6BSdYyPKNpUlpiVmBFS7pzSvRqU8,H00606,XMR,494,2025-05-31
4IpuL1uOEXJHbSIowiy2lUCp96Q6IlCz0bBTSDczjxa7Nf3QEUPNk3zggN8TIT8dMYu6BSdYyPKNpUlpiVmBFS7pzSvRqU8,H00606,BTC,110,2025-05-31
0x4e553c72f9374e7780ac7a9d574cd484dc70e84c,H00609,ETH,217,2024-11-11
0x2540057f1d06292e77c3576628a8eb2a57ae4b0c,H00610,ETH,234,2024-11-08
0x2540057f1d06292e77c3576628a8eb2a57ae4b0c,H00611,BTC,231,2025-03-05
0x007379c99702a77a764db1035297c9a1711ce269,H00611,ETH,210,2025-03-05
1yOZbywzejhR6F1tEiAFlnt2cBII6TCFjE,H00612,BTC,397,2025-08-10
0x6dcf1e6943063c46fb7940adc0e7b5ceacb50b71,H00613,ETH,410,2024-02-29
0x6dcf1e6943063c46fb7940adc0e7b5ceacb50b71,H00613,BTC,417,2024-02-29
48O7b0Uvga8bg5KTNvacNZYJVEkzr3AjCgA5DwZi2axKp7WU13v1qfx1FUkpLFqlqYDsjPuILgN2LTuN44FWtBufKIsBR0x,H00615,XMR,194,2024-10-25
48O7b0Uvga8bg5KTNvacNZYJVEkzr3AjCgA5DwZi2axKp7WU13v1qfx1FUkpLFqlqYDsjPuILgN2LTuN44FWtBufKIsBR0x,H00616,ETH,16,2024-11-08
1PJQJGL5qQI9KEJ19NtgS36FiBWoSTwiHJ,H00617,BTC,71,2024-10-16
1PJQJGL5qQI9KEJ19NtgS36FiBWoSTwiHJ,H00617,ETH,441,2024-10-16
1PJQJGL5qQI9KEJ19NtgS36FiBWoSTwiHJ,H00618,XMR,340,2025-06-19
1PJQJGL5qQI9KEJ19NtgS36FiBWoSTwiHJ,H00619,XMR,335,2024-09-23
1KWS2HNbskQAKSJcIEIl4upqyFQaLL9C4Q,H00619,BTC,259,2024-09-23
0x1d2c27343e2d5cdcf84577999c22ea9be22e0989,H00620,ETH,333,2024-02-12
0x1d2c27343e2d5cdcf84577999c22ea9be22e0989,H00620,ETH,198,2024-02-12
4v2eRQP563I4Wne61ojg1RHhSyZEZct0Lg6xz1gad7FiBdD8yGR4weA48sV46dP1Bsc4dvJW6VTs9swgUZiG4kEYiNqYk5I,H00621,XMR,318,2024-04-09
4v2eRQP563I4Wne61ojg1RHhSyZEZct0Lg6xz1gad7FiBdD8yGR4weA48sV46dP1Bsc4dvJW6VTs9swgUZiG4kEYiNqYk5I,H00621,ETH,482,2024-04-09
4MEkQrHVpYjuYMuFtSJxNgW9on6FwLLXmoqxYJlXnJIfGFhzLqyVCXwBJ4XNQWiWMO0ltPZDAHcEivEQKCw1OemfuVrAmBF,H00622,XMR,336,2024-05-31
4gnRB0aBjNs0TLr7rDO8lYFitwuQFyMLLIX6FuegNsHL2pRmTozW43nNK03Bbet8rFhx9RVKKRDFQ0eKq7OrvNxSNzfqc4N,H00622,XMR,458,2024-05-31
40tf6Gsg15j6yq0bu25p9xiMo1liDzLSFmSQduYDlhGBrv084RoiQBf0zNeDZqKKoOTNrwPkkCT8LYgHZawuYq2FddT3A71,H00623,XMR,387,2024-04-04
0x704d40bd77c81ed45e255d730ce5b91ef82d4086,H00623,ETH,84,2024-04-04
0x704d40bd77c81ed45e255d730ce5b91ef82d4086,H00624,BTC,249,2024-11-10
0x704d40bd77c81ed45e255d730ce5b91ef82d4086,H00624,BTC,387,2024-11-10
0x5f86ff584eb280ca1a0b63d9e1b8ea681f659bc7,H00625,ETH,74,2024-04-17
1O6Ef18cJlj711IhKrdnmqKSEDwOONY4pn,H00627,BTC,197,2024-01-14
4owGJ2svrLcRIAFO3HgnGRZ5jWoSSg3TUgNAZTFXTzQrCuQHV2p4pwyypHHQ54Wk5GklCaz7R4OL5EFDFpcI0tlLYGu6dC1,H00627,XMR,225,2024-01-14
1RdUQq3BYoyQpjVbf47w0tyeieqUL223fU,H00630,BTC,90,2023-11-03
0xde638384da33a150562a530d24941397af701daf,H00631,ETH,75,2025-03-26
1HdgASvJt2xAmlRq1wsVaVxoBazuBGgWuq,H00632,BTC,321,2025-07-15
4RkgCTElO2KBi7jLloURsVYAEgItrAeQCmiCtpbQCzUQOQTyC2PqOa8agOHU7TtDZQ3PB6yLM0VxmwKybC9fjr5762dJqQE,H00634,XMR,196,2024-02-09
1XRwyllRtWDhIdmOYHH0eZO1sO1pDgd5sT,H00635,BTC,454,2023-01-20
0x5c1c10ea1eea452e0ddfe92602c6d84d76d237aa,H00636,ETH,460,2024-08-30
0xe5e4f3839ec5715cf19d2def2d8238d18247d644,H00637,ETH,266,2024-12-25
1MCMZGaY81enWtFjV0c8KBF6pIU7ByEweN,H00639,BTC,221,2023-11-08
1MCMZGaY81enWtFjV0c8KBF6pIU7ByEweN,H00639,XMR,235,2023-11-08
13N3U6lEtN9Mfto8IpN9CRu0av4oaJ7Omn,H00640,BTC,423,2023-07-24
43c5gsB11F6hwef9OIRJHJ5Tl4FdpkV1ksUGNepyct4mCrwxCPzBX6UpK3tbIfK9iFvGY2rTH6kFCxLt51CMl2kDQ4Zdf9L,H00640,XMR,78,2023-07-24
4DwNuE1NOynpEh78SeMmuh3DbJD6hAudHZhDdnZRCzenuksjJ9gBL4rvpZSTIquvtkOOZPDirrO3CwWmYN1OJCOPLSViQcf,H00641,XMR,145,2023-09-16
0x456f5bcda0cd032cbacb32b07abb311dc0bdff53,H00642,ETH,97,2023-07-21
0x456f5bcda0cd032cbacb32b07abb311dc0bdff53,H00642,XMR,376,2023-07-21
16b5UBpUMM5oFHiX82pBLS8haMRNU5FQHC,H00643,BTC,87,2024-03-13
1ZymQaSQWN4hBvfAIcbr0ElgumvE4QcbNn,H00643,BTC,170,2024-03-13
1d5ladQUw8u8QxaP4gVIC8HLa6dPu7lLMX,H00644,BTC,135,2023-09-25
44ZmPmqMkRXnlPYf7lRtmYajvGQO6mpSbnzOepiiF5BULa5q0PRSE8PqtF5P3oaMOUGgh1b1VC6OUJaZU1JFA0yEHtvn7ms,H00647,XMR,327,2025-04-07
0x7be97e122166c26c6fa0d0a177b33c7f9be7d5b7,H00648,ETH,7,2023-01-25
0x4d05e754c4e4e045900fa2205780dbdebc8b2e26,H00649,ETH,449,2024-08-06
1k5LjYJstlUkgnIsVnnifXp41oWc4dPdsU,H00650,BTC,471,2023-03-23
1yambWiMmRaLv3GFPlbkbXCwjdb1SluwzM,H00650,BTC,109,2023-03-23
1BTko0OYhrpHEstoF2pawowNAi8FApacVL,H00652,BTC,492,2024-06-22
1BTko0OYhrpHEstoF2pawowNAi8FApacVL,H00652,XMR,477,2024-06-22
1uiDQpMC5yFXqJJfo8Lgrj3aoFxXzN8teY,H00653,BTC,159,2023-05-05
1uiDQpMC5yFXqJJfo8Lgrj3aoFxXzN8teY,H00653,BTC,15,2023-05-05
0xf95b76e38590bd705a4241192c8b2bbc8f1643e0,H00655,ETH,123,2023-10-04
0xf95b76e38590bd705a4241192c8b2bbc8f1643e0,H00656,ETH,85,2023-01-21
0x8042d1d27ac6c4489d5dabd3bfe47ab2f4e89e5e,H00657,ETH,22,2023-07-21
4q746rygCouozdATGs8sFURaBUSFtaMVeRkybjOGD6OdbU6CWegbB8sGd5WjXmj8wRWGzKNZO5G7bdXII72gsHtIOMtyR81,H00657,XMR,169,2023-07-21
0x25854d1d2753f5a42dde46dfadedb9c7efbae32f,H00658,ETH,356,2025-05-04
1HUCb7BmnEOI1Dq8CjTAXXCUnk1yVHhoAe,H00660,BTC,173,2023-07-27
0x7c91fc41540f9ad582748a347292852b4a8a3879,H00660,ETH,112,2023-07-27
1wddH7Uy8RM5XLicwedmqSXexLtWNXYQWi,H00661,BTC,368,2024-10-27
1wddH7Uy8RM5XLicwedmqSXexLtWNXYQWi,H00662,BTC,78,2023-05-15
1wddH7Uy8RM5XLicwedmqSXexLtWNXYQWi,H00662,ETH,227,2023-05-15
0x28fc947c3f174955792ee423e11b59ac0035f3f5,H00665,ETH,431,2025-04-30
46bkCXcP5KrmfwkhfWYM0WN1FhEH0AUlw5PzS2fxApBJI8zrQyOQvPbsWuyKyaXVA78kHwoy0WOQUF0tMkJOZeH99E9eZWe,H00667,XMR,418,2024-02-28
0xd7b96377324f1d9a9f608f207167f3c2a05ece1d,H00668,ETH,132,2023-06-07
1MnWbSWuECB1TPfs9ayLVjzbcwsjJAnwFr,H00669,BTC,20,2024-01-06
0xa3e9899274a57ba4c7e671c3ff196210c630ab0e,H00670,ETH,401,2023-12-10
0xa3e9899274a57ba4c7e671c3ff196210c630ab0e,H00670,XMR,344,2023-12-10
4h3QBMdE8Yp2oJjZgdMldcNghrMUHMihRyJw4bK959G1MrDNmNH1PoQy6q5zMaOAOhaNBco5oHUj6XWjR2nJOTklpxnDuuR,H00671,XMR,255,2024-12-13
4vNiWOubPe8I26O1ICjcANzx3X0YCFzF8UX4DI6YGEhm2aGOq08GnMFia6czTBniNvBGKIywCtG8XLWXpzD20ObBVeKS2VF,H00672,XMR,470,2024-05-28
0xa3e9899274a57ba4c7e671c3ff196210c630ab0e,H00672,XMR,269,2024-05-28
4Pdqn4JIafw2new96aaWxSInxQmtSIuP5JsYlvvzer666eVC8Htn493ZCybgXHVmlXwERKGh9SyMwSQWoP0xjqRUAW0LmWR,H00674,XMR,219,2025-05-31
4Pdqn4JIafw2new96aaWxSInxQmtSIuP5JsYlvvzer666eVC8Htn493ZCybgXHVmlXwERKGh9SyMwSQWoP0xjqRUAW0LmWR,H00674,BTC,168,2025-05-31
0x08027a297589bf9795ab254ca47531d4cb4311e7,H00675,ETH,173,2024-02-11
1mlU0Ow25DbPWtsZ2fYqGjjrWnYbl4vNuG,H00676,BTC,268,2023-01-25
4nM2oMFrkOzaIwwciQzkW1xY2LNhrWR9W1p1XunYK0x8MZuAM1hDk8aEdpBSFNJ0YGMYnEmyo50dgw5PlE6EmDsTIY5fhIt,H00677,XMR,141,2024-02-15
0x0b43991015aae4ae63605507e7b91b76803d8eb1,H00678,ETH,420,2024-08-04
1N5UomFeNIywG6uebiT4S8Ve0UszuqI5gK,H00679,BTC,414,2023-09-06
1N5UomFeNIywG6uebiT4S8Ve0UszuqI5gK,H00679,ETH,448,2023-09-06
479ewkRu3bfMZfCEM7GTCKub29tDOSca3zliu016ce7C0FvNeDRsZIPLcM7lm2KY0oA4bStPrFbDUWObABdUwFNy5uiEnK2,H00680,XMR,404,2024-12-07
479ewkRu3bfMZfCEM7GTCKub29tDOSca3zliu016ce7C0FvNeDRsZIPLcM7lm2KY0oA4bStPrFbDUWObABdUwFNy5uiEnK2,H00680,ETH,375,2024-12-07
4LG3ki60fGTMICYahB8jRsRqrwezM8AfnFapqb0IQsMEHuohuTcZ3i9ODOspKp8MT4h2KgRVywruLr6IbAidKQuZiVWFNvG,H00682,XMR,481,2023-04-04
0x1e5b1667041d540a69a5368eaea474cc216433d5,H00682,ETH,4,2023-04-04
1RixY2uepd4KWOLNz0lMtlYYQAsPNFWFbE,H00683,BTC,11,2023-03-25
1RixY2uepd4KWOLNz0lMtlYYQAsPNFWFbE,H00683,BTC,90,2023-03-25
1F5qj92hzK7gL4wWFw0KY3thQKUaquq2Kd,H00685,BTC,223,2025-01-03
0xf4491cdc23e10e800d214163bbdeea53d6b5889b,H00686,ETH,463,2025-01-10
4ButDH5GKgZuYxNpNILDF8x89R5Qh3tiu7TGbFVsjkhkaXmXEVnZAaagtul7plpiWNgWsiO5cqWgFLnTKuoGsma4EeSGtAB,H00687,XMR,6,2023-12-17
4ButDH5GKgZuYxNpNILDF8x89R5Qh3tiu7TGbFVsjkhkaXmXEVnZAaagtul7plpiWNgWsiO5cqWgFLnTKuoGsma4EeSGtAB,H00687,ETH,57,2023-12-17
0x1667376c1bf41e622bdfd57db4c703c21616e85c,H00688,ETH,109,2025-07-12
4aUwsWFwxev1WQzNHo7klM0LeSZJ5ekG4OaMeZ6KfDESbfK1SHl1FDP9YhDLvzFHv9OJC0zBhjfTCFTVVsUqtgw1yxCsn84,H00689,XMR,433,2024-01-22
455v93MHls8Ienj7IY8hG9aYg9lNRxwGrQruC7mukyqcZCgSU9t2O7KfmgcqB7UxjFtdUqwBqurYneOlKdpH0lBugjWLqCl,H00690,XMR,294,2023-10-16
455v93MHls8Ienj7IY8hG9aYg9lNRxwGrQruC7mukyqcZCgSU9t2O7KfmgcqB7UxjFtdUqwBqurYneOlKdpH0lBugjWLqCl,H00690,ETH,100,2023-10-16
0x1b3262544ed3b84b22f95573a6265fbf0690e328,H00691,ETH,424,2023-03-10
0x1b3262544ed3b84b22f95573a6265fbf0690e328,H00692,XMR,75,2025-07-18
49PrH29UgJDmhEUJ3XuiLEBsk07GqP3WyJuhLjzeFS7QXwRI00z1MjCSTskQNd1PdoN2hzhciGfg5g8gFctbsT5FIPQZEoE,H00693,XMR,154,2025-01-30
49PrH29UgJDmhEUJ3XuiLEBsk07GqP3WyJuhLjzeFS7QXwRI00z1MjCSTskQNd1PdoN2hzhciGfg5g8gFctbsT5FIPQZEoE,H00694,XMR,373,2024-04-06
0xf12d73d4a21ef3cfdf82cc1c8a99849a18c9b7d9,H00697,ETH,162,2023-02-20
0xf12d73d4a21ef3cfdf82cc1c8a99849a18c9b7d9,H00697,BTC,453,2023-02-20
4A89C8p8gvxlu1rfSD1In6lffjy8I8gJAHxb2zntu99HRvAVSLF6FeasxPyG1V4JlB6Sptl0tlnxNlH3HOEa6bviwfYnzlE,H00698,XMR,472,2024-08-24
1uI83zhGlgeOqaTJr98UGDqjAhwOYtDhZk,H00699,BTC,36,2025-08-26
1uI83zhGlgeOqaTJr98UGDqjAhwOYtDhZk,H00699,ETH,242,2025-08-26
0x67510d337db4f90567b57a8bd769c1e92c3aaad3,H00700,ETH,100,2024-01-06
4WSdYQtEPu6Wh2OaslrYiu9JqzxH8LLnmpYZvEfC7BJYTxmG043rLNYrbHV3rVCDjEN8CjGbN3iFDV9etab82RsYy7qdHFM,H00701,XMR,278,2025-03-07
1pBhGHvCVvjr4xk6hys5kPcS9fhVHdHkXR,H00701,BTC,426,2025-03-07
4qOJ8PuifU86fPih9ZSxK4tYBpmpJgW6VE9KQIqjCA6L6cgDDb4yNPdSZv7o6mDdRhMOpyoMXVNHZYSAVv6e5qO557nAqBl,H00702,XMR,292,2023-12-25
0x1b9a5215cf35a809fd170e7a8d10fe81fdbc884a,H00703,ETH,407,2024-06-06
0x778ca9d10450ed8cb62fbad4f8467934797f07ea,H00704,ETH,96,2025-02-09
0xdbfb72c368c774fcc2c6833e44a35af93b659d1c,H00705,ETH,439,2025-02-19
0xdbfb72c368c774fcc2c6833e44a35af93b659d1c,H00706,ETH,270,2025-06-25
4lcXzaNOMTpNZO3zddTFJKVqKXWnvXazg4FDl8n5GicDwehptJXBvCLATJhapldikqagFoRkJfuNS3O6uWStn8ejqOAFqaS,H00707,XMR,3,2023-10-15
4atpCJg3sehLxHDT71oA5d48AS3oqcxZ57f4mccwDloKxnlCKhGkoo0hAFhAiM4LA8V5SJeQDXvtJfss0iPTpow056jQguz,H00708,XMR,26,2024-08-21
4atpCJg3sehLxHDT71oA5d48AS3oqcxZ57f4mccwDloKxnlCKhGkoo0hAFhAiM4LA8V5SJeQDXvtJfss0iPTpow056jQguz,H00708,BTC,155,2024-08-21
4t6z86H88EKi8FfJwwVeoDdnSwTZVLC42MD31IU6bJFGO4sgDGA5ENPYoNX5nBMoKtVV4MLQvZFlbidn5ukhdtI96gh10q7,H00709,XMR,214,2023-08-30
0x77726d6946a486f3183ec5a30702d81807ec4330,H00709,ETH,224,2023-08-30
4p16GLfgtPGjeM5KZhkayj09q7seHuWbeQ5AXAUsQfv0bMNx8FV06vyH0fePoqoevo1lMo1gqLoMi5VHPjXknxTN2zpr5TE,H00710,XMR,423,2025-02-04
4kUr1Cg5MWVoKgAu59kCR56C2V7maIESiRq4aozsHW5ca4SkQ9w0QsaBTr53V9O9QyQ7DBx8eFjEVF6TuWokKhinOyuVvBs,H00711,XMR,133,2024-12-04
4kUr1Cg5MWVoKgAu59kCR56C2V7maIESiRq4aozsHW5ca4SkQ9w0QsaBTr53V9O9QyQ7DBx8eFjEVF6TuWokKhinOyuVvBs,H00711,BTC,3,2024-12-04
4Nan7Jlq8apdLki9RGoYtmyr9txyBmbLY13PcyBKuJd7VsXNrb7z9A18ttA2xevDgFQKjSodaiHGm8YrKQi6IrZsvuW4cEt,H00713,XMR,431,2025-04-20
0x406f8801020adff17d8c99443cd5dfe79ad6bf44,H00713,ETH,413,2025-04-20
1UfuiX9RzcxSDLsJeuDuHhbceVxttDxelq,H00714,BTC,191,2025-07-26
1UfuiX9RzcxSDLsJeuDuHhbceVxttDxelq,H00714,XMR,262,2025-07-26
1UfuiX9RzcxSDLsJeuDuHhbceVxttDxelq,H00715,ETH,414,2025-03-03
1UfuiX9RzcxSDLsJeuDuHhbceVxttDxelq,H00715,ETH,437,2025-03-03
1C8HXK2yTeEHU3WpZjQ40ixQdMTgYxU0xC,H00716,BTC,118,2023-03-28
1C8HXK2yTeEHU3WpZjQ40ixQdMTgYxU0xC,H00717,BTC,206,2023-02-02
1D5wsjzN9UTHHX9nkd65NK0OfirjntJmPN,H00718,BTC,332,2025-06-15
1fTHrXvzSTEjCGwEmbiT7TnQVL0sJsESCf,H00718,BTC,138,2025-06-15
1D5wsjzN9UTHHX9nkd65NK0OfirjntJmPN,H00719,BTC,319,2025-01-28
1VCchHn0kFqa67ZmhBLsO3VEZrpqfIHh9W,H00720,BTC,386,2025-08-04
0xdb2b143c8a4293b2fd7d20b907164b7baab6e50a,H00721,ETH,418,2023-05-28
1OATW9s2iaMl2j2xKFZpN0ADZdCZ526fcy,H00722,BTC,362,2023-10-21
1VWfToOZaoiknQkpwTtomSFU6qun0BS2vz,H00723,BTC,20,2024-09-29
1VWfToOZaoiknQkpwTtomSFU6qun0BS2vz,H00723,BTC,452,2024-09-29
1VWfToOZaoiknQkpwTtomSFU6qun0BS2vz,H00725,XMR,129,2025-02-11
46lk99o6NOFjrS8I0qnKBUVSUdM5LySdYDLmL3faw8gwObVDeO3d79H0eAW00xmS3vKTQIxUQeXxP8mO2jdTNkJoPxprjPr,H00726,XMR,328,2023-06-02
1Tfu99kTURI9adUZAq1H6Ah8OuCQDYLLn5,H00727,BTC,438,2024-01-30
4zTNPzSrM3k8H6LBmXHNPKKAGaglTAyKUNm1dcutCzr95YkVsNrtjVJl1If5G5mjvxf0kyzYU9MeEPIl1CkMD3lhpBNSbJz,H00728,XMR,220,2024-09-19
0xc72db1358190693fd0f36fff6c908e0841dc9fd6,H00730,ETH,187,2023-05-13
0x870244c93a7a863f0b1542d4b7558090f96782d4,H00730,ETH,451,2023-05-13
1uPWiGFrt84biKh8mnijEB2b3nL9lYhKg7,H00731,BTC,211,2023-07-01
0xc86ba24dc730a70ec09c6a0ff73a7eeb76b81a76,H00732,ETH,466,2025-07-26
1ROVpm2Uu3bzKWHXs3tpnUHNbku5rFVfQ6,H00732,BTC,91,2025-07-26
0x0cc89bdfc5cba34f1336d1c7f0aa9bda3a82857d,H00733,ETH,39,2025-06-16
0x0cc89bdfc5cba34f1336d1c7f0aa9bda3a82857d,H00734,XMR,64,2024-03-24
1JkjZwXGerTcfOagQhKbwcQtUtUkQIgAt9,H00734,BTC,163,2024-03-24
0x131c7ab3f4c698badb59fd4a8bf441b132c004d9,H00735,ETH,346,2024-04-30
4D4FBVhLldiL0DzpCCvw1xQXCN2tUogRRMm2yyC4ffzkZwmvliM0oWJzk34KPfIEOLm4QVPR0DvMXpODOiEw9gneX3XuHVy,H00736,XMR,74,2023-02-27
4D4FBVhLldiL0DzpCCvw1xQXCN2tUogRRMm2yyC4ffzkZwmvliM0oWJzk34KPfIEOLm4QVPR0DvMXpODOiEw9gneX3XuHVy,H00737,XMR,438,2024-06-05
0x8fea91e8b7682356d9d5a1cce40c8e90ab07fa03,H00737,ETH,460,2024-06-05
4auxFVcr2EG2CQe65ioEUVlJETpxFz13HwBqjNAwnWYN2LPLdNusEfFSCZq4UgBHBFsSrHKNzhS77v2gQPBabJaqs8nxVIo,H00738,XMR,442,2024-07-10
4WgadAQ1EcY7UCOBbp5TRqW9xobcPZSDOmrfxjErWQjVfjIhpm9dM9spY8HdhWJ3dIF3TwXmDtg4lUAbb7k7BO3UCrvRWGy,H00738,XMR,38,2024-07-10
0x840c49e4054b6dba440a691705b3be3c2a9de460,H00739,ETH,390,2024-08-31
0x93b1e2266b28d7b9ecb8a9ed50d79cf6e053fc3f,H00739,ETH,424,2024-08-31
1tU6fEkZRlxxhswJZ6GvbhIlLLKaNfa7gd,H00740,BTC,88,2023-11-27
0x1030e7879061d0ef2e5f168a1b51588c96f954af,H00741,ETH,252,2023-09-17
0x09438a6567526126c54ce57ad3296d39fac4e47b,H00742,ETH,174,2024-03-24
19e7I72PTOqs3tTYyMctGHmvzm8sFg07BJ,H00743,BTC,330,2023-09-11
19e7I72PTOqs3tTYyMctGHmvzm8sFg07BJ,H00743,ETH,235,2023-09-11
0xdcb81cb0146bc9291fe38420a97a26e378f44311,H00745,ETH,226,2025-04-27
4x4QG8XuNZ9OMfRNlGLRRjhX3DB1L1BZd7oI3pqF91HBjArBYfUzhvPPdeIAbvapuc404UWNa9PFIXze82gS92qbRDBCbot,H00745,XMR,492,2025-04-27
1cGizmE8tRAYsyjiQwcPCqDBkfKJ1KVp8V,H00746,BTC,279,2025-01-22
0xa702c8e1e24bfa33e2890695eace63313ecc05e2,H00747,ETH,349,2024-03-14
1ewrc8NG65QxzM3faoL4mtJhddpmtOvnXK,H00747,BTC,97,2024-03-14
0x442db32bf26cea7e41c7c482f5f3622a5a196852,H00749,ETH,442,2023-10-29
0x442db32bf26cea7e41c7c482f5f3622a5a196852,H00750,BTC,276,2025-02-15
0x538b9e1a976524ab964896551e30a0812ce576c7,H00750,ETH,191,2025-02-15
4nGxeuZnsOnxBE4YLsews5Qa4NtAgCrxuAmYFJWchHFgTufoZ3aazmscLAZgl4P7L8KkyZjR6YoW8yhIXhxCLDCA8s7imDH,H00752,XMR,366,2024-02-16
4nGxeuZnsOnxBE4YLsews5Qa4NtAgCrxuAmYFJWchHFgTufoZ3aazmscLAZgl4P7L8KkyZjR6YoW8yhIXhxCLDCA8s7imDH,H00752,ETH,469,2024-02-16
1PO7tDxwkmWYaXp1nSSuO4bglokKa0dYgW,H00753,BTC,60,2024-08-11
4NprgO9wRG668jif3k3fWxegcJI40aSMIKv7dyAZxMYT1ovz1gTr3dbJUgtRwi5P4ZJzazILjZfEVtqFUb7EqMQUvlisM7N,H00754,XMR,136,2024-07-07
0xec73c01ec92dae02b4b1d7a93dea7089aceb2c74,H00754,ETH,328,2024-07-07
0x66a0b234e83c4db50add0a642e8cbc64bd15ec2e,H00755,ETH,366,2023-05-29
0x273041f9157da01720ae5a8450cb41ef9c15bd7f,H00756,ETH,425,2023-03-26
1f1SQOyLdRMCj2CplPGxx1XFWDL4ErJ7qV,H00757,BTC,439,2023-08-29
1HAfMHiCjAY01ayvEBGkXTN6MXBEjHl03t,H00759,BTC,54,2023-10-30
0xec185f5ace493b93bf2fd5cce54bfdbaa28db728,H00760,ETH,103,2023-06-21
1M9wokgIK31pg3PxRpcuQGU7yXYxqIn0oQ,H00760,BTC,258,2023-06-21
4FgMgFslx8fG2QBNDVvQAyQ64Eg14XCPx3Uit20RcNDSwHyg9YpPX46Kor7EqQQLx04cdtt3eI2wOdaVWBcma9F8XPTMHtp,H00761,XMR,388,2025-07-26
4HzfuUBuIG9EMZms0b5OqJzM7VpITqemEbCHEbo3Qm0dW0frehGj6yOdBScXyHk7TUfENC5Ar17PzFbX8v4FZt5kawcPdIc,H00762,XMR,452,2024-01-02
1A8aSzld9hhNMaYy1IJE4aVUMcLdZtkpj8,H00765,BTC,210,2024-01-03
4oTrwztvcOOqXcTELRsZjPw2Mjiake9oNP1uYibE0A5q8R3pvKnjxA7h7PGY20mS0EchYvD1ZEttfOA64BjhsSuUKGtRPH0,H00766,XMR,358,2024-05-12
0x8f2d7d3fac5c283ba029ae00903f67ea235d2736,H00766,ETH,313,2024-05-12
0x8f2d7d3fac5c283ba029ae00903f67ea235d2736,H00767,XMR,15,2023-12-17
0xb95b7a4b7e0940cba8800a443a9d607ff4a376a7,H00770,ETH,155,2023-10-15
1lZyoMIVAsLoxsqLNPFaCv3usxmII3kjpP,H00771,BTC,373,2023-08-24
0xb95b7a4b7e0940cba8800a443a9d607ff4a376a7,H00771,XMR,229,2023-08-24
0xaf964df45ebec1e21b3739d576c68bf57c7c4a92,H00773,ETH,55,2025-06-24
4FxHUDo5I4A8IHbxdSDtughvlsD0eHVCVfZ7bPcbWma5dpvQi2QEugDOlHzoirNtZ1JF4XSG5pB6WcTRc5jMGtUPSxPwUIl,H00774,XMR,413,2023-11-20
4FxHUDo5I4A8IHbxdSDtughvlsD0eHVCVfZ7bPcbWma5dpvQi2QEugDOlHzoirNtZ1JF4XSG5pB6WcTRc5jMGtUPSxPwUIl,H00774,ETH,323,2023-11-20
0x5f0236f43f47c0dcd88f972e66440d580e5e96ab,H00776,ETH,197,2024-10-21
0x5f0236f43f47c0dcd88f972e66440d580e5e96ab,H00776,ETH,258,2024-10-21
0x87941a05910b169b16e7b05c5a5d2fb2b8245e11,H00777,ETH,74,2023-12-17
1BWPfnMLKYknj7nLRGTC1TrRPsvg728kjD,H00777,BTC,216,2023-12-17
0x0edd0ec9940e1ff37b47725a32d0b846235c4be8,H00778,ETH,495,2024-02-03
0x8ccf9caa0bea28784a84a0b22b98eb09db685a94,H00779,ETH,78,2024-03-21
0x074d05f90aede66b513ec221ed615ddb7b2be3e5,H00780,ETH,42,2024-05-06
4JIkOpJTYwwhQwgbXQ4Lp5qzBCpdG0I8aqIQaHflUFX9i2FSrBacfWhfxB761Ap8OhVZebU66GrIxvDSMP4m3MRY44o11Hg,H00780,XMR,451,2024-05-06
4zyLzrJqBf1vNgbhtuk6K7CPZgDQmVarmR6g7X4emG2C4ua6KmeOaUAT45gEovSwQ6NNFh4EECk3hBysd5YfZyluKvm9qxr,H00783,XMR,233,2024-04-16
0x406f4abd3c6fa039315f07c8cbfc21b4f56fb96a,H00783,ETH,157,2024-04-16
0x13a5d0f9c6a6f8e3cca2998b0756348385f84a3b,H00784,ETH,403,2023-01-29
0x13a5d0f9c6a6f8e3cca2998b0756348385f84a3b,H00785,XMR,412,2023-03-07
1lbqhBGZLmMSrkrhH3u7bsHL3daybzFa2H,H00786,BTC,363,2025-03-10
4irbGiJn81nO7dbRKlEnoHujJ5M1l2uFb0jT8zRFkeIkwF51eZxCFoUh9EvpYzoMCIXyPMcozh02H3rpNUAIkkZLGPm9nAL,H00787,XMR,38,2023-08-21
4gEJ8nadSmbOxytqfuJMzJL8RF2tHjQ0IDu5PIVn6RRmWgI41PpQNbVVi62fuTFp0O7j8aI9nSA6g2UySljGELsEofe2aLG,H00788,XMR,423,2024-03-18
0x3d3267d5bf13bdf3db5d705dd164e6ddc5026e92,H00790,ETH,429,2025-07-09
1nUL7ReQCwQZyFnW9vcRIliS3a1TrFQRSX,H00790,BTC,113,2025-07-09
4KRb2Cr9GHlrg3JnP0nwADjbER3ReZPLbgrTEoUrV7iDl74ldHKZxIRaNbQgxY6eD1sQI9YLGAiibAI8AEpArpOIMreXxkp,H00792,XMR,184,2025-08-07
17d3i2KOcezTWzx4gxeDqFC9WWkpQsnRBz,H00793,BTC,321,2023-05-06
4NHQYQsOB6vZPanpwbryGXSdS1guSiCY9zwcNZzcpcD01x4SGvAMQYm16WSNPA5o4i00lLN9hMqUOvSF5ypP9qn3pMLXFel,H00794,XMR,126,2024-03-25
1BhMo70CT2QUDPdzhNG1E3IUd79PfJDZRe,H00795,BTC,211,2023-06-09
0x6821aacf584e841e95e3e26eac9de387d87c2ea0,H00796,ETH,452,2023-07-14
0xf014b353c15a77892305512742d0446e0f5d7746,H00796,ETH,469,2023-07-14
0x0465a534801c4483f9c10c858ed0505ec08a1505,H00797,ETH,397,2024-09-03
4NiDJk0RNFk3V5vnKHmS5FsuoCrdeVlyIrWNc6726IwAsmjPaAY7v9N99ohjqHpWXI47lCMdyO8uX1XtvCpqQJVvrhn14io,H00797,XMR,224,2024-09-03
1Al1xloc8QX2RJeMQDnRVmTOqNtvjXaqwX,H00798,BTC,76,2023-01-09
0x1b5df60ec373fc7a9105405dedb35f0af05f6075,H00799,ETH,465,2024-06-24
1hdJddK8l0J4khX96am29I16HEGgvh5sgD,H00803,BTC,258,2024-12-18
1BxsdZf3Z5zlVs3iMw7R5xx6oGEdKE8Lfu,H00804,BTC,340,2025-01-06
16TV3dxJQm8iTHoEeSx7H6EvtqYNznlq2j,H00805,BTC,150,2024-10-28
4tFlMqGrjl5b1NbagVsoYg9c9eBPdMCUbVBDPcqUpakrg8956Nn7wcGTZaxr1lnoXwFsewh9JWZ4hWp70q9lRIOGhxfQrCU,H00806,XMR,447,2024-05-14
14KauoDL6PTOLKgTwQ5v0FjJTEyJtP1gHW,H00806,BTC,53,2024-05-14
0x5c36c487932e6a74b980aa8c7425e00c4dd3199f,H00807,ETH,215,2024-11-20
0xfc5df9676a4a19c5b5ba073a7a62626b429afa2e,H00808,ETH,137,2025-04-01
18eM0l76OAif5L8CXS5pgtxClBPxtlu6GQ,H00808,BTC,218,2025-04-01
10hKR77Uqz5SghBaIh0bFtQv6kwtO1I87z,H00809,BTC,61,2024-03-31
0xa1ba321060c3b9f21aee17e363294e2116dcd0d6,H00809,ETH,78,2024-03-31
0xf2b8ad1caa3a585fa103c3a6c8872c57007009b5,H00810,ETH,444,2023-10-08
0x56a0c7229c6dfd8882432f1c443f94d064006053,H00811,ETH,172,2023-09-05
0x56a0c7229c6dfd8882432f1c443f94d064006053,H00811,XMR,359,2023-09-05
1XLSJghjhcvLF3a5flRqRr5jS5mzaSjuAF,H00812,BTC,121,2023-10-03
1SkMhCgkpUld45MU9u0v4taNmro5yTGOXI,H00813,BTC,214,2024-08-27
1SkMhCgkpUld45MU9u0v4taNmro5yTGOXI,H00813,ETH,111,2024-08-27
43ZzRKmbUbUOMcpGREuPvAZ4Cy4forlJiom9r29rp0bSqEftlFiUZawfV0mMwsYgsK3hWBhPUffjHqju62ZAPf9Mz0l5pXi,H00815,XMR,326,2024-07-24
4Ajxf1mDEjEzQMawxwMa3GsQHngan2rtAMrnd6Cs7M8G1PSldM28EX8PzGejDGGHTN1a5WePljz4NKwf84Md20AkMWttjbx,H00815,XMR,89,2024-07-24
1cBVv4F42gYjJFwTnnQ4sGbP7XJXbemBZd,H00816,BTC,420,2023-08-06
4sFqTY3ZXihrlvqVS0VIlDgJYLJbsuDYzLlkKBkw3JS3tWE7ObERjhE3B0M7OR8LSLxNdwocqrYoX1fP4NDt2dzp84YP1Nx,H00816,XMR,318,2023-08-06
44cNC7sdD4ppK8FnuhXbXLa51LmQnfHASG1pQLHRuKe3qSyNp3zy9UTyoLeRJKdcLhGSa4EoOkXgHL9XOwhrP6eNFSnr51H,H00817,XMR,201,2025-02-15
14fDWUFusxXYbFOU7x7TzGQBJbsXFF7S6K,H00817,BTC,28,2025-02-15
1fZ9OmJYSIxKCRID7eL425fpNlehFdVuL1,H00818,BTC,151,2025-02-05
1fZ9OmJYSIxKCRID7eL425fpNlehFdVuL1,H00818,XMR,55,2025-02-05
4EL0DQKm4GLizMrHfoQpUx9iLQwV20rOdOQbwVsvobti4gsU6Up0fS6AVAwhJ4L4LX67NqbmzQ409UqciLI0fBGF610JOnn,H00819,XMR,96,2024-03-26
1fZ9OmJYSIxKCRID7eL425fpNlehFdVuL1,H00819,XMR,12,2024-03-26
0xa8f43ab3a536d4602e4c0fd24841982ac41f4f98,H00820,ETH,440,2024-09-11
1WhTHN0HK2lyBl56X4ZZKoWWTPyCqdGPAx,H00821,BTC,210,2024-04-16
0xa8f43ab3a536d4602e4c0fd24841982ac41f4f98,H00821,ETH,445,2024-04-16
1WhTHN0HK2lyBl56X4ZZKoWWTPyCqdGPAx,H00822,ETH,13,2025-05-18
0xa8f43ab3a536d4602e4c0fd24841982ac41f4f98,H00822,BTC,178,2025-05-18
1rhEydEM4SHFzEMMp4AUJXNh7MwlcL2Hty,H00823,BTC,358,2023-06-21
1FCDqgw2tWYB3mOZntRt7ThNcflJblLetm,H00823,BTC,425,2023-06-21
1Xd5CqGdevxMDkdwyuikD4fMiVAOJbDxcP,H00824,BTC,28,2024-07-18
4DaGp5n4HH8T8HaBKZD7pX1mHiGEGRNOUNRfR9Cjm8vlJVIgw52gmBMXMkGFgTbbln2YLYE2C1broenswYXSxeAnHG90GWp,H00825,XMR,92,2024-02-29
0xe31bea823202dd033439f3879132a9066ad11e1a,H00826,ETH,161,2023-01-22
0xd4fe2dd613efd5c184f9b7fbcd5c1c4093eb6177,H00827,ETH,175,2023-08-21
4yzccl0H3uudnJ3rRCXZfaAHP18N8FmXe8DpBC1826jpSfd7RhTbNs7w18KDwQgpbgka1Fob1Ieym9sGhfbWvbiXDWk80Z4,H00829,XMR,170,2023-06-18
0xe5d2a97c35f6bb4969440aec56c572d37a049aa5,H00829,ETH,173,2023-06-18
0x11c6bf441b927e5535e2c973ca11d822d1512543,H00830,ETH,388,2024-06-17
0xe5d2a97c35f6bb4969440aec56c572d37a049aa5,H00830,BTC,403,2024-06-17
1pHDZtG34sGK5S4oWPAK6GaSikvcKgnxQ6,H00831,BTC,376,2024-04-14
4JXfnESrlZ0gtYfuWEbKMxi3hdWrzZavNILKkzhhbRt1sU6FVQAQSZ0gS0sKXrmsawdfo0XX6A7Gg1Mt2RX6QxDZuZqSSxk,H00831,XMR,113,2024-04-14
0x4ab0bb48230f2a905569dc5e5b97b8bae5d69ba0,H00832,ETH,25,2024-02-20
0x0e5ce5cc24a081d41979304703613274c77d9ddd,H00833,ETH,272,2023-05-27
1rVGh3wRp5KZZflk56fMaqmS6XQ5zc6uAK,H00834,BTC,29,2025-01-23
1AY5StSUqqUW5QZyWNqtiPeTeaACaNNOc8,H00835,BTC,185,2024-02-16
1okAX4YOf3vgO9JDgcqbR1tr7BqWW5ZzoI,H00836,BTC,296,2024-06-27
1jHtce8tUqVON2FKcSP6QvOF9PouGdv899,H00837,BTC,138,2024-11-26
0x5eb10d53a600a0df93e167177fb360342e099ae2,H00839,ETH,276,2024-05-23
1l3MbBh5yKg1TIW749vnAedAFbDz3LyEal,H00841,BTC,167,2023-10-28
0x34f3ff75caf21b492dd72bb4adecfe0a932dc22b,H00842,ETH,107,2023-12-08
0x34f3ff75caf21b492dd72bb4adecfe0a932dc22b,H00842,XMR,75,2023-12-08
11MXNAQ8LYBK85CAHBNYK0adDJlGZ7hz0a,H00843,BTC,134,2023-04-12
1FL3TPBrQcs6K940EcnJptgape4gexwFWO,H00843,BTC,442,2023-04-12
1a7RQEGtN6bGlWqwyaR1TNs6o6jbh8mcjY,H00844,BTC,422,2024-06-17
1mKXOpPwrdpxCfo2mWJq96qFkODJeiYhMy,H00845,BTC,466,2025-08-11
0xaf7b2a9c1cd1edd8f24869c78a9ea3af10a74df7,H00845,ETH,208,2025-08-11
1V5deC15MHOj0TfVcNvNlFJ9p4TV6olIvN,H00847,BTC,370,2025-03-19
1V5deC15MHOj0TfVcNvNlFJ9p4TV6olIvN,H00847,ETH,458,2025-03-19
1eB2SeSd0ywfuPgnGj7WkkAjNXmyWvGJo0,H00848,BTC,141,2023-01-21
0xc1a4194a4ce26b2bc919e242e0fcd3b8b0d3e102,H00849,ETH,111,2024-11-22
1eB2SeSd0ywfuPgnGj7WkkAjNXmyWvGJo0,H00849,XMR,95,2024-11-22
4CzMgpztPCl2RZvLJ0wyIrlZgTkiG59MHunXu0q0gqpcgO6ZKqlz43D6ozm5ju5ZZgwpfc8TqPobIbsuofcXckuNcsCxsSY,H00851,XMR,247,2023-05-26
19owKueP9GrA0LSgEjGtE0fjChN9MjFkYt,H00852,BTC,44,2023-06-11
0xf67761dbbec27ba44044ed3fe01251ba2e587732,H00853,ETH,289,2024-10-30
4JpxtcxiRuPzYqbV4ybOvzt5n6i4MadGJNv8aZKevFRlF7uaWXBSp5QAkjMI5l3XkvawpGzu3mfimuJrHSqjdKqfHrsrBTW,H00854,XMR,81,2025-08-15
1r20ltvUFO4LDlCmXfZp5Q2N8k0TfgPGcG,H00855,BTC,444,2023-01-27
0x571e86ae51742da3abde76ec21e4eefdaf749d0b,H00855,ETH,340,2023-01-27
1wb4iSfgMivaUXxG03QXnzTH3kvXeDXdOj,H00856,BTC,144,2023-06-28
4PU9xP1Yjy4D6qBKR62p9stmlWikJmC1k0e7malRFnliYbttJsaPbarwntsrz07l0kF9U5ZM1iGeFjElrXpmqDCkRbq36IY,H00857,XMR,361,2023-11-06
4PU9xP1Yjy4D6qBKR62p9stmlWikJmC1k0e7malRFnliYbttJsaPbarwntsrz07l0kF9U5ZM1iGeFjElrXpmqDCkRbq36IY,H00857,XMR,197,2023-11-06
10jvRxKMtZJsJkVY9FwKyxxMJFBX45OV8W,H00858,BTC,348,2025-06-26
4PU9xP1Yjy4D6qBKR62p9stmlWikJmC1k0e7malRFnliYbttJsaPbarwntsrz07l0kF9U5ZM1iGeFjElrXpmqDCkRbq36IY,H00858,ETH,495,2025-06-26
1aGZWRY0CfdBjovXMPhzKnWgGlQ2qV2Z5r,H00859,BTC,428,2023-03-19
4Lu23z4SyQQ9vzSAalQbFBPjrZUuf5pUdLAh2WjDUosTH1v0EZMXQtNteXJsStkBuRrLOuoC7cxE4ZwrNsfvGDtrMhvQalj,H00860,XMR,81,2023-05-28
0x2bec22cab0391ed3be8019d104cf4580794f8e9e,H00860,ETH,165,2023-05-28
0xba2ac597f4a418613c194d7fbf59cbaed0b0afbf,H00861,ETH,185,2023-01-08
0x52381b88db526b1b61ec40a84c0488432f79c4e8,H00862,ETH,128,2023-04-28
0xd9b1e0279457aa0890bf31d41140331824bd19c0,H00862,ETH,70,2023-04-28
4cNk8RbhgNIGuvkzfFiHXSiFciTy8hixKiXCLF4z7aqclChI3S5nXaYhadGQ8rL1wjv6qc3aVVnxQ597hXQUJGPX4NnrVuF,H00863,XMR,197,2025-08-21
4KtCGQL6DNjySWQULOefzPXSUfASQqyyzQOnlBBoQTVfGIiM9CG0P3XDyIS0jsxHOtG1ufzB4l7BovCYusSGWsvltb0wrYh,H00864,XMR,212,2024-10-17
4KtCGQL6DNjySWQULOefzPXSUfASQqyyzQOnlBBoQTVfGIiM9CG0P3XDyIS0jsxHOtG1ufzB4l7BovCYusSGWsvltb0wrYh,H00864,ETH,62,2024-10-17
1hQTXtDlPpZHc3mkCd7uvtrakF8s67f57W,H00865,BTC,89,2023-10-03
1hQTXtDlPpZHc3mkCd7uvtrakF8s67f57W,H00865,XMR,491,2023-10-03
4HLOkbUVEN1aPqPjy702RBgRVpyPDAmtO5Hxi4IuR9jMu3GanSRg7jbhoV6kVEVMzGvxXKZzuOkeVfE7F3UJ1bakGh3duK9,H00866,XMR,498,2023-01-19
1ZpdytZThyFQZbkVftKlZ8OWNdYDG5mrag,H00866,BTC,11,2023-01-19
0x4b0431a61d086427b6823f4e85672ebd26d633bc,H00867,ETH,332,2023-03-24
4Ox5t5MReV7DJd8IJv6vFzpqhVTBlxoh5BrbPlSnCoKn96dUrxT6SD95rgRiN8ZJBbUQTpEE4KWb2vqjuYo8fEOb9iFD5Fl,H00868,XMR,51,2025-05-07
0xef4e4ca016256b97dd5a7cf3646a6042aab54673,H00869,ETH,174,2023-12-22
0x21b2a1ff45313e0a1117337417c0c067f8c25c0e,H00869,ETH,68,2023-12-22
0xef4e4ca016256b97dd5a7cf3646a6042aab54673,H00870,ETH,310,2024-11-13
11sY0BMyMaOLhdknfKWpCLU1OVURG70drr,H00870,BTC,439,2024-11-13
1FK5f4M6qLknvNSTQkdlF3n8QYdYt2KWKF,H00871,BTC,272,2023-08-17
4uXcgt75roagg5eO4BFbYw4giRedEup8umwWR9sR4kVpBxQn7XEwxIqMgiOJlyY0tltKfrXHv2NzhGNs1zuPYIvqUCo0NJ7,H00872,XMR,291,2025-02-19
1f9Bhl9E7Mjtlyi6G2fe0u12bChAIK0i9n,H00872,BTC,75,2025-02-19
15Fhfry7Duncf8uXFdvwCVc1grp0Q3bjXC,H00873,BTC,427,2023-07-25
15Fhfry7Duncf8uXFdvwCVc1grp0Q3bjXC,H00873,ETH,344,2023-07-25
4X7rar96jUIoiqkbcMvrfc7GZ6siYMDMSAEzsiApUoTnhmkwA0lf4lODrf54UStaTvxgB6QXiVMDD6YjNezhRW7WALo73rK,H00874,XMR,425,2023-05-14
4zqJCOT1GldE2QL2vUT2jdFvEbrYOXZyrIRm446Q2Df5unWdmFAmRhFrZGgT9ADqogY3jhVIlDjwK2ADosQFu3mPgEZJsS2,H00875,XMR,42,2025-03-24
4PqD4UvVyb19M7gvDUSxrgxDNBhQqWjJ7loriSJkdNCHGBijpRu2o2rUljho5PjTJA7IFSLQ5FnkuK6JOLydNKYTp3XMsFw,H00876,XMR,280,2024-10-23
49MptqpjVGcX42gMqRaNsxeCDLbSgFewWs0GLqK2UudxpR71yi7pBQaC0AJk3BoCs8SbyG1T2uKBqAxZiZev3E4jsINvyTz,H00876,XMR,167,2024-10-23
49MptqpjVGcX42gMqRaNsxeCDLbSgFewWs0GLqK2UudxpR71yi7pBQaC0AJk3BoCs8SbyG1T2uKBqAxZiZev3E4jsINvyTz,H00877,XMR,352,2024-10-13
49MptqpjVGcX42gMqRaNsxeCDLbSgFewWs0GLqK2UudxpR71yi7pBQaC0AJk3BoCs8SbyG1T2uKBqAxZiZev3E4jsINvyTz,H00877,ETH,474,2024-10-13
4dU316X0SxRkiS7AVg17YiZtFhm44bvkazrTb9UKeNPfUW0CV4azBKousGMgTPb3kYTf2hqUb4LfuuYIgzF5mHnoMSL5Da1,H00880,XMR,150,2024-12-09
4dU316X0SxRkiS7AVg17YiZtFhm44bvkazrTb9UKeNPfUW0CV4azBKousGMgTPb3kYTf2hqUb4LfuuYIgzF5mHnoMSL5Da1,H00881,ETH,436,2025-01-30
1EEdnzeZZLojGGZ0PUFv4iuDB3ZI0Ew7Ql,H00882,BTC,208,2025-01-02
1EEdnzeZZLojGGZ0PUFv4iuDB3ZI0Ew7Ql,H00882,XMR,472,2025-01-02
0xa4a943e23d8a5c699a1a6eb818a3283020e5c0b9,H00883,ETH,231,2023-10-16
1EEdnzeZZLojGGZ0PUFv4iuDB3ZI0Ew7Ql,H00883,BTC,304,2023-10-16
0xcdb26f068f735a8f1fb39fdf9114cf83d0e72b18,H00885,ETH,460,2023-04-18
0x4abcd355914e4e91c9f1e1892d0f604fbf8640b1,H00886,ETH,16,2025-01-27
1MYQrQnyvMBVa04FvrY0XwqTRllnn3BaAX,H00886,BTC,359,2025-01-27
1XtCiLRBLSQok7g3viKSLxK3zfVZCOc8GH,H00887,BTC,184,2025-06-18
0x34d80825b9f49d66169a9086197ddd9f1a9f3c37,H00888,ETH,385,2024-04-01
0x1dbf1f37004fa5f4890da6b2f2e3344273e47c26,H00888,ETH,65,2024-04-01
0x1013a90f8b0668de0bee6c839155cbd5089c2144,H00889,ETH,410,2023-02-14
1IWsmEE2i9geGnO6PeJSv4fSEuPpc9NPEk,H00889,BTC,481,2023-02-14
1qGT0zY10IgJjdXr6ei9WMV0ivc9A24LJP,H00890,BTC,436,2023-12-07
1qGT0zY10IgJjdXr6ei9WMV0ivc9A24LJP,H00890,BTC,360,2023-12-07
1qGT0zY10IgJjdXr6ei9WMV0ivc9A24LJP,H00891,XMR,437,2023-02-28
0xd629df0823b3ddaa6423349c81e1f1ef70755543,H00892,ETH,326,2024-03-17
0xd629df0823b3ddaa6423349c81e1f1ef70755543,H00892,BTC,476,2024-03-17
4Ht4hDTTgKpi43kvCfCCMfGwcztgMDSFoibnza4E55h1sLT9HDc1nC18HTqXrxEOU65AQD99BRnhVshSnRgTN8lNMYnllUo,H00893,XMR,300,2023-12-14
4XQIc0Ycdwb6XBChx1yQznyISuBHHQdYecLO24M27MFXnqIRlNdrxa4xFniVAOzmdwAjRwVLCji27nEbLXg8rtkQPIHqv0I,H00894,XMR,459,2023-08-12
0xd09c13660fe5c44eb19b7449b14aecb6f4b30dd9,H00895,ETH,45,2025-08-10
0xab2ba78b68b56b539d3221bbe8557837495d56ca,H00896,ETH,59,2025-05-29
